{"type":"FeatureCollection","features":[{"type":"Feature","properties":{"n":"Lacul Brateș","a":20.0},"geometry":{"type":"Polygon","coordinates":[[[28.0418856,45.5049781],[28.096511,45.5037402],[28.1001413,45.5028961],[28.0984263,45.4628419],[28.0943934,45.4618781],[28.0819733,45.4617974],[28.0816164,45.4613651],[28.0816248,45.4618245],[28.0752108,45.4624749],[28.0659795,45.4627763],[28.0486383,45.4671585],[28.0483916,45.4678808],[28.046881,45.4685129],[28.0454905,45.4707821],[28.046263,45.4715405],[28.044306,45.4760064],[28.0457652,45.4762351],[28.0441,45.4767888],[28.0436022,45.4776013],[28.0417826,45.4860083],[28.0423319,45.4863573],[28.0418427,45.4909003],[28.0405123,45.4934273],[28.040684,45.5035946],[28.0418856,45.5049781]]]}},{"type":"Feature","properties":{"n":"Lacul Morii","a":2.4},"geometry":{"type":"Polygon","coordinates":[[[26.030738,44.4592493],[26.0304217,44.4613182],[26.0349118,44.4610828],[26.0377843,44.4542761],[26.0418296,44.4495742],[26.0377168,44.4472119],[26.0361735,44.4473712],[26.0331781,44.4461355],[26.0293238,44.447694],[26.028343,44.4490682],[26.028361,44.4508214],[26.0274083,44.4515798],[26.0234086,44.4492161],[26.0198033,44.448387],[26.0180957,44.4497981],[26.0163705,44.4492835],[26.0150144,44.4497926],[26.0152032,44.4508765],[26.0140048,44.4518925],[26.0134989,44.4541042],[26.0190742,44.4568868],[26.0199925,44.4580937],[26.0204753,44.4605011],[26.021668,44.4614849],[26.0238735,44.4623297],[26.0302721,44.4613089],[26.0295716,44.4599726],[26.0278667,44.4591564],[26.0289532,44.4580707],[26.030738,44.4592493]]]}},{"type":"Feature","properties":{"n":"Lacul Surduc","a":3.6},"geometry":{"type":"Polygon","coordinates":[[[22.1254123,45.7553361],[22.1281868,45.7554834],[22.1298766,45.7563312],[22.1299531,45.757397],[22.1289861,45.7588416],[22.129599,45.7598409],[22.1428357,45.7656107],[22.146049,45.7637677],[22.1474813,45.7647977],[22.1489605,45.7645493],[22.1512934,45.7653928],[22.1575664,45.7646859],[22.1609513,45.762877],[22.1647641,45.7635824],[22.1669367,45.7627741],[22.1655688,45.7608224],[22.1670923,45.7579153],[22.1675147,45.7558502],[22.1669622,45.754354],[22.1633667,45.7539788],[22.1642679,45.7530917],[22.1625942,45.752097],[22.1609983,45.7534922],[22.1613604,45.7543484],[22.160376,45.7541117],[22.159912,45.7535465],[22.1613577,45.7522046],[22.1603894,45.7508645],[22.1589437,45.7518303],[22.1584475,45.7513175],[22.1563882,45.7523604],[22.1558645,45.7520427],[22.1538824,45.7532068],[22.1505115,45.7526608],[22.14875,45.7532031],[22.1483932,45.7524629],[22.1480781,45.7533228],[22.1459001,45.7540387],[22.1454857,45.7534332],[22.1453945,45.7539984],[22.1418004,45.7529569],[22.1388647,45.7531974],[22.13909,45.7521672],[22.1375839,45.7531263],[22.1327097,45.7538235],[22.1319902,45.7547105],[22.1306337,45.7544261],[22.1348803,45.7506653],[22.1312117,45.7525485],[22.1311567,45.7504565],[22.1295192,45.7525447],[22.1282103,45.7526683],[22.1278267,45.7519557],[22.1277738,45.7528643],[22.1260682,45.7540993],[22.1256743,45.7531436],[22.1256401,45.7541556],[22.1250045,45.7544438],[22.1254123,45.7553361]]]}},{"type":"Feature","properties":{"n":"Lacul Cinciș","a":1.8},"geometry":{"type":"Polygon","coordinates":[[[22.8755151,45.7019765],[22.8773036,45.7014138],[22.8772744,45.6986965],[22.8763862,45.6975085],[22.8721968,45.6975705],[22.8689178,45.6967129],[22.8722287,45.6951381],[22.8709264,45.6945065],[22.8705552,45.6929972],[22.8718834,45.6906121],[22.8757601,45.6883777],[22.8729587,45.6882209],[22.872272,45.6842696],[22.8717036,45.6875266],[22.8702919,45.6893189],[22.8675738,45.6908057],[22.8610932,45.6883978],[22.8602998,45.6891235],[22.8592305,45.6885783],[22.8568107,45.6891946],[22.8557444,45.6880924],[22.8555863,45.6889533],[22.8513341,45.6895879],[22.848227,45.685732],[22.844786,45.6854176],[22.8440388,45.6847064],[22.845473,45.6830054],[22.8452659,45.681919],[22.844901,45.6831603],[22.8432718,45.6847917],[22.843907,45.6861187],[22.8429456,45.6860719],[22.8423086,45.6849541],[22.8398415,45.6842831],[22.8360333,45.6843162],[22.8311038,45.681667],[22.8307054,45.6807592],[22.8314996,45.6771205],[22.8309204,45.6764285],[22.8260575,45.6769277],[22.8243187,45.6757946],[22.8211495,45.6749496],[22.8244859,45.6760224],[22.8254617,45.6770614],[22.8307556,45.6774359],[22.8289535,45.6814355],[22.8320481,45.6851795],[22.8340006,45.6856293],[22.8339411,45.6860715],[22.837949,45.6855093],[22.8421314,45.6871947],[22.8470361,45.6875638],[22.8506597,45.6910181],[22.8548268,45.6909248],[22.8558104,45.6926621],[22.8544722,45.6939577],[22.8577152,45.6941918],[22.8598806,45.695633],[22.8600289,45.6965095],[22.8611652,45.6961483],[22.8636035,45.6974511],[22.8675907,45.697553],[22.8697631,45.699321],[22.8720352,45.7001319],[22.8701551,45.7014744],[22.8724025,45.7008784],[22.8732151,45.6996751],[22.8747203,45.7004872],[22.8755151,45.7019765]]]}},{"type":"Feature","properties":{"n":"Acumularea Dorobanț","a":0.7},"geometry":{"type":"Polygon","coordinates":[[[27.5838349,47.2356759],[27.5842985,47.2360845],[27.5850943,47.2335229],[27.5879454,47.2302011],[27.5861266,47.2276213],[27.5864956,47.225861],[27.5887359,47.2241771],[27.5903085,47.2198565],[27.5946467,47.2150227],[27.5943801,47.2109482],[27.5930602,47.2096127],[27.5904989,47.2097971],[27.5914097,47.2146033],[27.5885047,47.21723],[27.5886543,47.21845],[27.5876999,47.2187105],[27.5880353,47.2200276],[27.5854281,47.22259],[27.5856605,47.2231753],[27.5844786,47.2244094],[27.5835338,47.2280576],[27.5814437,47.2300438],[27.5826845,47.2304427],[27.5838738,47.229733],[27.5849724,47.2305416],[27.5838349,47.2356759]]]}},{"type":"Feature","properties":{"n":"Lacul Suhaia","a":9.8},"geometry":{"type":"Polygon","coordinates":[[[25.186181,43.765138],[25.1899391,43.7635845],[25.1895,43.764024],[25.1902396,43.7644093],[25.1911866,43.7633235],[25.19526,43.763037],[25.201443,43.759552],[25.202645,43.758212],[25.204713,43.757556],[25.213685,43.749399],[25.217016,43.744897],[25.2226023,43.7422136],[25.2151082,43.7372198],[25.211008,43.7336284],[25.210798,43.732439],[25.2142584,43.7220341],[25.2131728,43.7204221],[25.2038013,43.7196849],[25.1980572,43.7146928],[25.2008601,43.7184379],[25.2028942,43.7195937],[25.1970241,43.7197732],[25.194295,43.720972],[25.193582,43.722455],[25.1913088,43.7300305],[25.1896245,43.7463111],[25.1886524,43.7477064],[25.1890367,43.7490248],[25.1743964,43.7597203],[25.1725684,43.7607366],[25.1684408,43.7610515],[25.169368,43.761428],[25.168963,43.761894],[25.169722,43.76286],[25.175297,43.764709],[25.179681,43.76512],[25.1842566,43.7637916],[25.186181,43.765138]]]}},{"type":"Feature","properties":{"n":"Lacul Amara","a":1.5},"geometry":{"type":"Polygon","coordinates":[[[27.3384315,44.6180415],[27.3393104,44.6173027],[27.3408049,44.6178308],[27.339854,44.61378],[27.3401446,44.6120015],[27.346054,44.612925],[27.3475625,44.612387],[27.3550856,44.60743],[27.356034,44.606141],[27.356282,44.604448],[27.3554975,44.6040698],[27.3503482,44.6052534],[27.3475958,44.6079941],[27.3436717,44.608646],[27.339353,44.605562],[27.33615,44.60504],[27.3276482,44.6019229],[27.321849,44.605466],[27.3191692,44.6056319],[27.318054,44.607049],[27.321368,44.60706],[27.321478,44.607831],[27.31656,44.610178],[27.3210821,44.6109362],[27.324432,44.608921],[27.3270985,44.6061012],[27.3290576,44.6049468],[27.3335799,44.6080586],[27.3358013,44.6083421],[27.336722,44.6091542],[27.338771,44.613517],[27.3384315,44.6180415]]]}},{"type":"Feature","properties":{"n":"Lacul Vidra","a":9.0},"geometry":{"type":"Polygon","coordinates":[[[23.7447612,45.4474991],[23.7443611,45.4500258],[23.7463269,45.446842],[23.7455266,45.4464176],[23.7452512,45.4441521],[23.7465071,45.4429864],[23.7465109,45.4407465],[23.7491879,45.4384676],[23.7532257,45.4392618],[23.7517886,45.4416894],[23.7537887,45.4418238],[23.7558303,45.4432098],[23.7578764,45.4431391],[23.761722,45.4445751],[23.7607195,45.4463388],[23.7614064,45.4459348],[23.7634905,45.4468485],[23.7649828,45.4464378],[23.7654981,45.4473366],[23.7673126,45.4482124],[23.7694174,45.4458887],[23.7679109,45.4439995],[23.7683321,45.442288],[23.7628152,45.4403994],[23.7630648,45.4382046],[23.7643996,45.4372176],[23.7620298,45.4374029],[23.7605157,45.4357143],[23.7615632,45.4336572],[23.7584258,45.4333359],[23.7573442,45.4319843],[23.7558929,45.4317669],[23.7556382,45.4309834],[23.7515094,45.4316825],[23.7501307,45.431226],[23.7510775,45.4289168],[23.7520985,45.4281002],[23.7559895,45.4262754],[23.763405,45.4241241],[23.7613007,45.4232201],[23.7563316,45.4231523],[23.7540363,45.420105],[23.7516028,45.4247417],[23.7482109,45.4234718],[23.7499381,45.4254377],[23.7487252,45.4261875],[23.7474803,45.4253712],[23.7474033,45.4265769],[23.7465042,45.4267183],[23.7466023,45.428149],[23.7448007,45.4290163],[23.7404887,45.4290075],[23.7386792,45.428086],[23.7379659,45.4254986],[23.7380621,45.4242568],[23.7388799,45.4236798],[23.7386778,45.4221167],[23.7397763,45.4215366],[23.7384895,45.4208636],[23.7384051,45.4193115],[23.7372914,45.4192792],[23.7373513,45.4221951],[23.7364947,45.4236278],[23.7351758,45.4242399],[23.7348782,45.4232573],[23.7368222,45.4212452],[23.7371052,45.4200189],[23.7353335,45.4181621],[23.7339678,45.419328],[23.7301069,45.417212],[23.7265986,45.4163059],[23.7271259,45.417545],[23.7264114,45.4182354],[23.7249042,45.4178137],[23.7244056,45.4190061],[23.723014,45.419556],[23.719558,45.4195721],[23.7184603,45.4193792],[23.7179816,45.4181423],[23.7163828,45.4183781],[23.7156423,45.4172094],[23.7120633,45.4166382],[23.70995,45.4184265],[23.7092173,45.4203092],[23.7037835,45.4210244],[23.6991199,45.4228857],[23.6970803,45.4248053],[23.6957619,45.4247579],[23.694537,45.4255221],[23.6909846,45.4255518],[23.6886142,45.4267572],[23.681551,45.4285983],[23.6789383,45.4311144],[23.6744417,45.4326491],[23.6750098,45.4330666],[23.6793327,45.4324416],[23.6842709,45.4289073],[23.684957,45.4292749],[23.6841749,45.4298727],[23.6844125,45.4307869],[23.6856647,45.4312583],[23.6922351,45.4301443],[23.6960022,45.4301796],[23.6965915,45.4306844],[23.696484,45.4331462],[23.6953071,45.4347777],[23.6956949,45.4352942],[23.6979714,45.4338976],[23.6991894,45.4311788],[23.7008006,45.431138],[23.7059934,45.4331042],[23.7102223,45.4336373],[23.7103975,45.4342866],[23.7141079,45.4349585],[23.7158427,45.4346649],[23.7192784,45.4363919],[23.7226303,45.4364404],[23.7224125,45.43738],[23.7192117,45.4392827],[23.7236921,45.4381949],[23.724825,45.4400648],[23.725221,45.4394115],[23.7245572,45.4364914],[23.7281838,45.4365358],[23.7286327,45.4371547],[23.7278669,45.4381677],[23.729068,45.4379097],[23.7299487,45.4372243],[23.7303818,45.4342406],[23.7326063,45.433239],[23.738379,45.433228],[23.741573,45.434462],[23.742526,45.435888],[23.7459988,45.4372841],[23.7441139,45.4404753],[23.7416114,45.4409826],[23.7415337,45.4414662],[23.7431426,45.4419636],[23.7418525,45.4425477],[23.7434637,45.4427031],[23.7432751,45.4438634],[23.7418272,45.444926],[23.7436296,45.4447877],[23.7444726,45.4465259],[23.7442459,45.4474745],[23.7447612,45.4474991]]]}},{"type":"Feature","properties":{"n":"Lacul Bezid","a":1.6},"geometry":{"type":"Polygon","coordinates":[[[24.8729871,46.4253513],[24.874196,46.423147],[24.876764,46.422696],[24.87926,46.419877],[24.8871609,46.4197321],[24.8883273,46.4202931],[24.888907,46.4195324],[24.8920972,46.4193771],[24.8962557,46.4204724],[24.900087,46.4225355],[24.9036592,46.4231142],[24.9052334,46.4226034],[24.9070822,46.4235569],[24.9111924,46.4240879],[24.9130216,46.4232622],[24.913306,46.421827],[24.9129773,46.421272],[24.908007,46.422273],[24.903477,46.418974],[24.9041404,46.4177665],[24.9022081,46.4170128],[24.8968319,46.4173309],[24.8930162,46.4165823],[24.8876303,46.4170113],[24.880632,46.416367],[24.8798682,46.4153917],[24.88067,46.412693],[24.8801036,46.4125166],[24.8818101,46.4113366],[24.8824229,46.4100389],[24.8819714,46.4094066],[24.8816521,46.4102748],[24.8796737,46.4111397],[24.8779549,46.4131565],[24.8775363,46.4129496],[24.8770109,46.4158416],[24.874402,46.417673],[24.8719957,46.4180106],[24.8713198,46.4194085],[24.867638,46.421671],[24.8663925,46.4231766],[24.8729871,46.4253513]]]}},{"type":"Feature","properties":{"n":"Lacul Vârșolț","a":3.2},"geometry":{"type":"Polygon","coordinates":[[[22.9092,47.1928598],[22.9338285,47.1851003],[22.9340538,47.1832547],[22.9309188,47.1792586],[22.9309521,47.1771809],[22.9298765,47.1766037],[22.9286046,47.1770216],[22.9287194,47.1759612],[22.9315373,47.1738382],[22.9318522,47.1721188],[22.9277045,47.170143],[22.9267442,47.1688571],[22.9255136,47.1690642],[22.9258285,47.1716283],[22.9252669,47.1731479],[22.9225884,47.1736996],[22.9207173,47.1749927],[22.9202753,47.1772021],[22.9190812,47.1778856],[22.9190711,47.1800405],[22.9207841,47.183055],[22.9171359,47.1820347],[22.9138559,47.1824103],[22.9122137,47.1808541],[22.910732,47.180843],[22.908728,47.182092],[22.90332,47.181089],[22.898715,47.182767],[22.901087,47.18462],[22.8957039,47.1855394],[22.8982233,47.1871271],[22.8997629,47.1894521],[22.9046509,47.1902202],[22.9042921,47.1918335],[22.9057434,47.19302],[22.9092,47.1928598]]]}},{"type":"Feature","properties":{"n":"Lacul Izvorul Muntelui","a":28.5},"geometry":{"type":"Polygon","coordinates":[[[25.9356813,47.1149929],[25.9367435,47.1133257],[25.9356582,47.1107788],[25.93672,47.1090548],[25.9370337,47.1071411],[25.9447887,47.1026524],[25.9449339,47.0995117],[25.9480398,47.0947508],[25.9529917,47.0934426],[25.9647635,47.0931168],[25.967241,47.091491],[25.969389,47.092435],[25.970622,47.091405],[25.972415,47.091767],[25.968482,47.090238],[25.96865,47.086383],[25.9680542,47.0840405],[25.964876,47.080977],[25.9640701,47.0780602],[25.9621271,47.0755277],[25.9583425,47.0731815],[25.956482,47.070812],[25.955613,47.067081],[25.9558441,47.0630187],[25.9566462,47.0618917],[25.9612006,47.0589368],[25.9628947,47.0588578],[25.962943,47.0580414],[25.969124,47.056323],[25.9736244,47.0526024],[25.9860293,47.0516558],[25.995083,47.052961],[25.9959578,47.0521982],[26.000387,47.051887],[26.003761,47.0505666],[26.0045879,47.0510344],[26.0063625,47.0489296],[26.0106327,47.0476673],[26.0173954,47.0466338],[26.02065,47.0454823],[26.0212171,47.0458492],[26.0208611,47.0462568],[26.0216444,47.0463068],[26.0218004,47.0452811],[26.0244832,47.0445705],[26.027431,47.044762],[26.028714,47.0459745],[26.0287162,47.0479394],[26.0302825,47.0524394],[26.0329622,47.0579076],[26.0372828,47.0590011],[26.035407,47.055309],[26.0370395,47.0540081],[26.0370471,47.0497793],[26.0358304,47.0476936],[26.0362102,47.0441728],[26.0411487,47.0432816],[26.0501475,47.039495],[26.051637,47.037346],[26.0583891,47.032386],[26.0599108,47.0293826],[26.0616665,47.0278847],[26.0616814,47.0265603],[26.0637171,47.0256793],[26.0645078,47.0232164],[26.0661644,47.022263],[26.0678296,47.0199623],[26.0703047,47.020207],[26.069664,47.0183746],[26.072105,47.01566],[26.0733618,47.0154468],[26.080496,47.017167],[26.084636,47.0167758],[26.0762839,47.0122469],[26.080136,47.0110079],[26.0836219,47.0085991],[26.0842018,47.0063022],[26.0852662,47.0057754],[26.0852551,47.0027149],[26.0895851,46.9998388],[26.0885767,46.9980998],[26.0932803,46.9911855],[26.091977,46.988546],[26.0915377,46.9851597],[26.0895048,46.9851004],[26.0891276,46.9842204],[26.0814544,46.9836622],[26.0771369,46.9815038],[26.074298,46.978896],[26.072319,46.973636],[26.075866,46.971079],[26.0742232,46.9691532],[26.075524,46.967276],[26.076554,46.966974],[26.0769234,46.965801],[26.0753012,46.9613639],[26.076442,46.960114],[26.0781806,46.9599216],[26.0860619,46.9562072],[26.0935273,46.9563949],[26.0956592,46.9577057],[26.0989377,46.9584072],[26.106229,46.9582259],[26.1068717,46.9596476],[26.106852,46.962073],[26.106051,46.966348],[26.107449,46.971581],[26.106967,46.972904],[26.1079196,46.9738891],[26.11004,46.967117],[26.10954,46.96437],[26.1114705,46.960362],[26.1116687,46.9569543],[26.1127773,46.956861],[26.115748,46.958787],[26.1166939,46.9585508],[26.1161871,46.9560597],[26.118938,46.9553265],[26.118467,46.954027],[26.1199379,46.9531335],[26.1215446,46.9533181],[26.123153,46.951845],[26.1226547,46.9508812],[26.1235506,46.9491061],[26.1261268,46.9484173],[26.1264779,46.9468023],[26.1244912,46.9462767],[26.12254,46.943129],[26.1214491,46.9424978],[26.121271,46.940065],[26.1200745,46.9390975],[26.1162322,46.9405425],[26.1120731,46.940669],[26.1053453,46.9376345],[26.1044839,46.9377782],[26.1009809,46.9398219],[26.1017549,46.9412334],[26.1014245,46.9429023],[26.1029292,46.9441171],[26.1043655,46.9468325],[26.1034955,46.9492857],[26.0986081,46.9512713],[26.0920596,46.9514916],[26.0897729,46.9525473],[26.0877581,46.952041],[26.0865667,46.9528675],[26.0848703,46.9525665],[26.0839219,46.9536071],[26.082652,46.953467],[26.0807146,46.9548844],[26.078943,46.95467],[26.076381,46.9557969],[26.0754324,46.9552316],[26.0738898,46.9554674],[26.0738944,46.9565748],[26.071136,46.9577774],[26.0704087,46.9597998],[26.0686332,46.9610863],[26.0702293,46.9658449],[26.069362,46.967626],[26.0626113,46.9710446],[26.060367,46.973269],[26.0563267,46.9722742],[26.056427,46.973102],[26.0587846,46.9751755],[26.0582106,46.9771251],[26.0556821,46.9783352],[26.0481345,46.9796517],[26.043293,46.978925],[26.0489465,46.9811545],[26.0571559,46.9813568],[26.059985,46.983403],[26.059597,46.984929],[26.062374,46.984763],[26.0658214,46.9880725],[26.0734039,46.987945],[26.0759095,46.9880841],[26.0761065,46.9885586],[26.073258,46.990024],[26.073327,46.992152],[26.0679589,46.9918683],[26.062094,46.993234],[26.06587,46.994614],[26.067592,46.993846],[26.0710569,46.9949496],[26.063828,47.007614],[26.06189,47.009037],[26.055922,47.011475],[26.051073,47.014966],[26.0475228,47.0154169],[26.045097,47.017534],[26.0426401,47.0183124],[26.0421374,47.0196887],[26.039279,47.022194],[26.0374095,47.0224453],[26.0377752,47.0236371],[26.035188,47.026217],[26.0349329,47.0285214],[26.0323429,47.0276498],[26.0327576,47.0292243],[26.0303445,47.0326238],[26.0225991,47.0363475],[26.019449,47.0363349],[26.0142879,47.0381669],[26.0119782,47.0376982],[26.00681,47.039449],[25.9997581,47.0429524],[25.995979,47.043789],[25.9893034,47.0482463],[25.9880536,47.0454263],[25.9870385,47.044828],[25.9866896,47.0463518],[25.9826682,47.0448125],[25.9794979,47.0447697],[25.9778083,47.0455013],[25.9737421,47.0444433],[25.9732758,47.0447168],[25.9735781,47.045598],[25.9722429,47.0471189],[25.9690417,47.0473796],[25.9691218,47.0480198],[25.9640573,47.0460671],[25.9640168,47.0466622],[25.9632444,47.0464608],[25.962851,47.0470145],[25.963921,47.0489219],[25.9652095,47.0497099],[25.9642154,47.0497053],[25.9642145,47.0504301],[25.959292,47.052527],[25.9575438,47.0521959],[25.9576688,47.052634],[25.9554481,47.0535803],[25.9546302,47.0531115],[25.9546902,47.053839],[25.9514719,47.0563058],[25.9520603,47.0581362],[25.9451878,47.0580786],[25.942383,47.057402],[25.940171,47.057736],[25.9338635,47.0567722],[25.9317384,47.0572266],[25.9326965,47.0583672],[25.9316969,47.0590293],[25.9286349,47.0577945],[25.9231469,47.0571218],[25.9217191,47.0563415],[25.918039,47.0555376],[25.9171131,47.0557158],[25.9154135,47.0568901],[25.9172641,47.05586],[25.9205489,47.0562426],[25.9231097,47.0580646],[25.9279749,47.0586039],[25.931333,47.060307],[25.9422883,47.0613656],[25.9463215,47.0628926],[25.9483534,47.066803],[25.9485932,47.0697259],[25.9509151,47.0720569],[25.950826,47.07421],[25.9519107,47.0760648],[25.9544804,47.0784739],[25.9578693,47.0798248],[25.962124,47.082967],[25.962087,47.084842],[25.9602637,47.087651],[25.9604257,47.0888627],[25.9660271,47.0905348],[25.9664294,47.0911342],[25.9645259,47.0925585],[25.9518569,47.0927621],[25.946324,47.094328],[25.9441953,47.0967998],[25.9427331,47.1001237],[25.9431519,47.1002871],[25.9452847,47.0959468],[25.9471861,47.0945714],[25.9443107,47.0992283],[25.943199,47.1029106],[25.9366292,47.1070507],[25.9363723,47.1090187],[25.935186,47.110366],[25.9361361,47.113716],[25.9353981,47.1147754],[25.934009,47.1152326],[25.9356813,47.1149929]]]}},{"type":"Feature","properties":{"n":"Lacul Ciurbești","a":1.2},"geometry":{"type":"Polygon","coordinates":[[[27.5386315,47.0895645],[27.5416125,47.0894257],[27.5436542,47.0877555],[27.5505641,47.0848798],[27.5522729,47.0849232],[27.5527278,47.0842449],[27.555068,47.085429],[27.557743,47.085128],[27.5590372,47.0845527],[27.5590597,47.0838349],[27.5576746,47.082609],[27.5524932,47.0814249],[27.5522426,47.0824214],[27.5512347,47.0819858],[27.5474968,47.084465],[27.5439259,47.0854531],[27.5421452,47.0832699],[27.5394445,47.0830063],[27.5371614,47.0813108],[27.5361245,47.0812603],[27.5356837,47.0818917],[27.5323391,47.0812974],[27.5301361,47.0816742],[27.5274888,47.0805986],[27.5267429,47.0799122],[27.526869,47.078456],[27.5255007,47.0760479],[27.522459,47.073241],[27.521159,47.073603],[27.520048,47.075811],[27.5234411,47.0777246],[27.524964,47.079792],[27.5254439,47.0819203],[27.5277828,47.0836338],[27.5357924,47.0865574],[27.5357529,47.088162],[27.5386315,47.0895645]]]}},{"type":"Feature","properties":{"n":"Lacul Zetea","a":1.6},"geometry":{"type":"Polygon","coordinates":[[[25.398233,46.4651448],[25.405297,46.4709204],[25.4052394,46.4721193],[25.4033502,46.4739511],[25.4052605,46.4741771],[25.4062366,46.4750175],[25.4071389,46.4789799],[25.4110491,46.4852161],[25.4105577,46.4866073],[25.406419,46.4873276],[25.4060516,46.4878724],[25.4107143,46.4877795],[25.4131624,46.4859489],[25.4127536,46.4829237],[25.4093545,46.4779814],[25.4093671,46.4764759],[25.4123892,46.4739923],[25.4155107,46.4753115],[25.4224341,46.4825853],[25.4250165,46.482244],[25.4171302,46.4727611],[25.4143444,46.4711132],[25.4107473,46.4644794],[25.402797,46.463338],[25.398233,46.4651448]]]}},{"type":"Feature","properties":{"n":"Lacul Vidraru","a":7.9},"geometry":{"type":"Polygon","coordinates":[[[24.6035683,45.4512189],[24.6090951,45.4432633],[24.6100407,45.4390118],[24.6136626,45.4362101],[24.614462,45.4346674],[24.6158045,45.4342213],[24.6173902,45.4358539],[24.6180122,45.4384397],[24.623559,45.4422563],[24.6251791,45.4454103],[24.6245638,45.4505935],[24.6238374,45.4517889],[24.6269684,45.4533878],[24.6242404,45.4516158],[24.6252811,45.4503965],[24.6247285,45.4493544],[24.6254473,45.4445371],[24.6261018,45.4439801],[24.6251576,45.4438597],[24.6244066,45.4419025],[24.6221321,45.4401937],[24.6227329,45.4392302],[24.6217524,45.4389245],[24.6211558,45.4349691],[24.6182483,45.4315961],[24.6189943,45.4306019],[24.618828,45.4290056],[24.6201203,45.4285241],[24.6190636,45.4270861],[24.6205389,45.4271162],[24.6198629,45.4252149],[24.6227275,45.4239461],[24.6224754,45.4233851],[24.6230709,45.4228693],[24.624884,45.4229145],[24.6246856,45.4224513],[24.6253883,45.4222669],[24.6246534,45.421303],[24.6263378,45.4206666],[24.6272509,45.4192782],[24.6259784,45.4202148],[24.624825,45.4198496],[24.6257423,45.4170895],[24.6276253,45.414898],[24.6290897,45.4142955],[24.6278613,45.4137494],[24.6284678,45.4120655],[24.6277755,45.4113242],[24.6284031,45.4097651],[24.6316808,45.4088161],[24.6288859,45.4079951],[24.628446,45.4073134],[24.6283334,45.4053136],[24.6289932,45.4046771],[24.6285587,45.4028654],[24.6264987,45.4011893],[24.6268796,45.4003419],[24.6263163,45.3996111],[24.6275394,45.3988201],[24.6267509,45.3983191],[24.6259837,45.3956296],[24.629476,45.3958669],[24.6396298,45.4029631],[24.6465348,45.4052759],[24.6450006,45.4041422],[24.6427046,45.4038447],[24.6424418,45.4028843],[24.6399634,45.401792],[24.6315198,45.3940814],[24.6254473,45.3919831],[24.6285318,45.3882233],[24.6316915,45.3879709],[24.6297764,45.3859139],[24.6301626,45.3840602],[24.6320402,45.3804205],[24.6352588,45.3804883],[24.6337917,45.3781597],[24.6349874,45.3756878],[24.6380537,45.3742784],[24.6415332,45.3749545],[24.6412992,45.3726693],[24.6442603,45.3701862],[24.6452688,45.3707096],[24.6478652,45.3699107],[24.6519207,45.3701142],[24.6565257,45.3718391],[24.6560889,45.3711656],[24.6534174,45.3696016],[24.6482944,45.3683693],[24.6483904,45.3673319],[24.6466958,45.3679283],[24.6464753,45.3671812],[24.6451347,45.3672462],[24.6436112,45.3661758],[24.6417551,45.3669635],[24.6399366,45.3664962],[24.6378123,45.367201],[24.637072,45.3652977],[24.6357033,45.3671828],[24.6353768,45.3657085],[24.6331471,45.3671683],[24.6324881,45.3660812],[24.6307556,45.3666549],[24.6291512,45.3663635],[24.6289446,45.3672466],[24.6303925,45.3675263],[24.6311787,45.3688816],[24.6272895,45.3702044],[24.6107166,45.3711901],[24.6162583,45.3722976],[24.6183435,45.3734072],[24.6232677,45.3740638],[24.6233158,45.3750404],[24.622774,45.3770739],[24.6202084,45.3785194],[24.6229703,45.3794113],[24.6215742,45.3865091],[24.6193104,45.3870215],[24.6189671,45.3894703],[24.61636,45.3913152],[24.6175401,45.393441],[24.6168106,45.3939759],[24.618495,45.3956258],[24.6165316,45.3970723],[24.6177011,45.3978182],[24.6156063,45.4010764],[24.6160113,45.4015038],[24.6155339,45.4025264],[24.6163814,45.4029634],[24.6135061,45.4048541],[24.618613,45.4051253],[24.6185379,45.4071364],[24.6173632,45.4078689],[24.6181543,45.4081928],[24.6180551,45.409735],[24.6156841,45.410684],[24.6167999,45.4107744],[24.6164565,45.4115352],[24.6192675,45.4110757],[24.6201473,45.4119117],[24.6193319,45.4161971],[24.6184306,45.4165887],[24.6169393,45.4159109],[24.6180015,45.4169125],[24.6174869,45.4174907],[24.6166497,45.4169276],[24.6160918,45.4179744],[24.6139567,45.418125],[24.613667,45.4187802],[24.6117037,45.4181024],[24.6086781,45.4189082],[24.611929,45.4192471],[24.6140533,45.4212503],[24.6174329,45.4199023],[24.6174972,45.4207295],[24.6191817,45.4206252],[24.6193641,45.4213557],[24.615845,45.422297],[24.6141391,45.4240214],[24.6079378,45.4349615],[24.6082382,45.4362941],[24.6063392,45.4369867],[24.6057277,45.4364748],[24.6051591,45.4376944],[24.6034317,45.4367985],[24.6043866,45.4377245],[24.6003096,45.4369566],[24.5974129,45.4372201],[24.5958143,45.4366329],[24.5946658,45.4350357],[24.5949638,45.4366007],[24.5944029,45.436978],[24.6018488,45.4391989],[24.6050704,45.438893],[24.6051776,45.4395818],[24.607573,45.4400356],[24.605717,45.4444995],[24.6052556,45.4475104],[24.6041628,45.4483654],[24.6030421,45.4508795],[24.6020906,45.4548637],[24.6023989,45.4560357],[24.6017873,45.45657],[24.6030452,45.4583083],[24.6036112,45.4581654],[24.6026564,45.4550197],[24.6035683,45.4512189]]]}},{"type":"Feature","properties":{"n":"Lacul Floreasca","a":0.5},"geometry":{"type":"Polygon","coordinates":[[[26.0949861,44.4748071],[26.0927317,44.4721932],[26.0909621,44.4714996],[26.0893337,44.4719065],[26.0899369,44.4723601],[26.0912149,44.4720069],[26.0908854,44.4723485],[26.0899087,44.4724428],[26.0892906,44.4719271],[26.0888268,44.4725295],[26.0892414,44.4732255],[26.0906593,44.4730987],[26.0911663,44.4736288],[26.0902927,44.4743562],[26.0892608,44.4741487],[26.0892949,44.4750577],[26.0918659,44.4741031],[26.0931247,44.4745132],[26.093159,44.4752329],[26.0941654,44.4758391],[26.0971784,44.4765295],[26.0983696,44.4754966],[26.0990753,44.4732575],[26.0971683,44.4691906],[26.098232,44.4687011],[26.099356,44.4707069],[26.1023736,44.471916],[26.1034432,44.4739694],[26.1043328,44.4740848],[26.1054873,44.4731697],[26.104566,44.4728592],[26.1041749,44.4709355],[26.101149,44.4674572],[26.0974499,44.4661193],[26.0963787,44.4665445],[26.0951226,44.4686208],[26.0967443,44.4715085],[26.096496,44.4737762],[26.0949861,44.4748071]]]}},{"type":"Feature","properties":{"n":"Lacul Pantelimon","a":2.8},"geometry":{"type":"Polygon","coordinates":[[[26.1891943,44.4468196],[26.1869286,44.450854],[26.1888397,44.4539121],[26.1908129,44.4536675],[26.1924458,44.4525173],[26.1936975,44.4490401],[26.1949486,44.4485385],[26.1973491,44.4452043],[26.1980819,44.4422749],[26.2019422,44.4453083],[26.2045394,44.443915],[26.2050911,44.4428884],[26.207237,44.4425225],[26.2076438,44.4398271],[26.2090514,44.4387976],[26.2139934,44.4396143],[26.2218092,44.4388949],[26.2257197,44.4407096],[26.2294534,44.4382705],[26.2325252,44.4372106],[26.2346571,44.4372583],[26.2345476,44.4329043],[26.2330926,44.4308547],[26.2288195,44.4287237],[26.226613,44.4295232],[26.2262004,44.4317986],[26.2252242,44.4325365],[26.219079,44.4311529],[26.2175583,44.4320427],[26.2151018,44.4349747],[26.2115379,44.4330072],[26.2092378,44.4334758],[26.2064739,44.4356141],[26.2049469,44.4388354],[26.1999914,44.4386934],[26.1976594,44.4395067],[26.1966933,44.4411525],[26.1977705,44.4421908],[26.1950266,44.4455413],[26.1927726,44.4460213],[26.1904003,44.4431242],[26.1876262,44.4421772],[26.1847722,44.4436001],[26.1834073,44.4450849],[26.1841326,44.4459302],[26.1835773,44.4461336],[26.1868394,44.4452913],[26.1886933,44.4457141],[26.1891943,44.4468196]]]}},{"type":"Feature","properties":{"n":"Lacul Herăstrău","a":0.8},"geometry":{"type":"Polygon","coordinates":[[[26.0891696,44.4737871],[26.0827177,44.4722353],[26.0806603,44.4726482],[26.080323,44.4713468],[26.0778833,44.4719585],[26.0770827,44.4733077],[26.0771398,44.4765666],[26.0749362,44.4795126],[26.0749322,44.4805803],[26.0779322,44.4827969],[26.0785672,44.4820468],[26.0798908,44.4823502],[26.0832775,44.4855365],[26.0828254,44.4874664],[26.0795822,44.4886195],[26.0790235,44.4895694],[26.0769317,44.4886901],[26.0761657,44.4896867],[26.0767674,44.4900862],[26.0758368,44.49021],[26.0816401,44.4895075],[26.0830037,44.4872649],[26.0841865,44.486578],[26.0844156,44.4850473],[26.082867,44.4827306],[26.0812933,44.4814698],[26.0776771,44.4805768],[26.0775157,44.4800501],[26.0784747,44.4789642],[26.0786719,44.4769637],[26.0846139,44.4777417],[26.0880153,44.4767447],[26.0891696,44.4737871]]]}},{"type":"Feature","properties":{"n":"Balta Amara","a":8.1},"geometry":{"type":"Polygon","coordinates":[[[27.302293,45.245492],[27.305905,45.2433],[27.312395,45.242235],[27.315051,45.241179],[27.317638,45.239044],[27.318785,45.234807],[27.318755,45.233854],[27.317671,45.233717],[27.317381,45.233088],[27.317029,45.230273],[27.316283,45.229065],[27.318393,45.225652],[27.316588,45.223672],[27.314257,45.222719],[27.313494,45.218876],[27.309318,45.213336],[27.292154,45.214296],[27.285858,45.215437],[27.281205,45.215475],[27.277703,45.216599],[27.276814,45.218293],[27.277356,45.221054],[27.280188,45.222266],[27.282407,45.220421],[27.283072,45.220968],[27.281466,45.223105],[27.281393,45.225161],[27.28013,45.225983],[27.27961,45.227725],[27.280874,45.229769],[27.283105,45.231559],[27.286232,45.232797],[27.2872306,45.2375186],[27.2931402,45.2392804],[27.2958199,45.2419472],[27.302293,45.245492]]]}},{"type":"Feature","properties":{"n":"Lacul Porților de Fier","a":108.0},"geometry":{"type":"Polygon","coordinates":[[[21.6793859,44.6618391],[21.6817078,44.6706],[21.688512,44.669091],[21.695422,44.665027],[21.703843,44.662499],[21.7126478,44.6569887],[21.7164663,44.6557104],[21.724402,44.654508],[21.730375,44.654744],[21.7411259,44.656663],[21.7432716,44.6580115],[21.7463863,44.6581992],[21.7504232,44.6602822],[21.7521163,44.6602596],[21.7559405,44.6615972],[21.759738,44.6611876],[21.7624248,44.6619293],[21.7670841,44.6646044],[21.7713576,44.6649034],[21.7748709,44.6661468],[21.7815734,44.6652039],[21.7944453,44.665457],[21.8012104,44.6642477],[21.805424,44.662399],[21.8097071,44.6582617],[21.8141686,44.6559808],[21.830649,44.6601472],[21.8394029,44.6598057],[21.8401511,44.6588138],[21.8400476,44.6599912],[21.841696,44.660642],[21.8484703,44.6610799],[21.854685,44.660266],[21.8579782,44.660559],[21.8582449,44.6610292],[21.860042,44.659584],[21.866594,44.658118],[21.869413,44.65667],[21.8756761,44.6565926],[21.8783526,44.6544095],[21.8803462,44.6550725],[21.8819166,44.6548311],[21.88405,44.654174],[21.8865112,44.6521022],[21.891046,44.652178],[21.8961022,44.6500978],[21.9116442,44.6498853],[21.9145657,44.6493217],[21.9223281,44.6503517],[21.9223394,44.649476],[21.9233733,44.6492823],[21.9244532,44.6502255],[21.9266073,44.6499489],[21.9263463,44.6493227],[21.9285292,44.648958],[21.9288616,44.649597],[21.9322495,44.6486261],[21.9320476,44.6479331],[21.9336717,44.6467084],[21.9376378,44.6454708],[21.9392402,44.6473386],[21.9414293,44.6473283],[21.9435986,44.6461041],[21.9485504,44.6460265],[21.9493356,44.6448904],[21.9481644,44.6427182],[21.948448,44.64167],[21.9512186,44.6399906],[21.9583885,44.6379565],[21.9649939,44.637103],[21.972687,44.6372541],[21.9751818,44.636094],[21.9766458,44.637143],[21.9806593,44.6383889],[21.9865824,44.6391229],[21.9954283,44.6373379],[21.9974918,44.6359397],[21.9979211,44.6340766],[22.000964,44.631393],[22.0065245,44.6233027],[22.0078447,44.623242],[22.010376,44.620333],[22.0066659,44.6153205],[22.0056668,44.6112188],[22.005907,44.610023],[22.013398,44.606118],[22.0183825,44.6012982],[22.0249968,44.5985391],[22.0271963,44.5964608],[22.0278375,44.5947012],[22.0296759,44.5934108],[22.0305844,44.5910144],[22.033369,44.587828],[22.032923,44.586643],[22.03318,44.58274],[22.0318859,44.5818224],[22.0327205,44.5807762],[22.0325883,44.5769904],[22.031717,44.574514],[22.0312709,44.5683109],[22.033174,44.559848],[22.034022,44.55907],[22.03391,44.557292],[22.036238,44.554688],[22.036218,44.551808],[22.03768,44.54916],[22.0410472,44.547544],[22.0466228,44.5464207],[22.0525543,44.5436088],[22.0588577,44.5428251],[22.0633185,44.5396162],[22.0632954,44.5390264],[22.0637881,44.5392139],[22.063447,44.538851],[22.0651127,44.5372858],[22.072801,44.533272],[22.0751676,44.5307524],[22.0767843,44.5276234],[22.0770595,44.5253408],[22.0762196,44.5238291],[22.0759857,44.5212684],[22.0806152,44.5157337],[22.0805601,44.5133786],[22.082527,44.507791],[22.086166,44.502877],[22.087819,44.501607],[22.0957143,44.4981615],[22.101969,44.496278],[22.108513,44.493153],[22.1147095,44.4884884],[22.1212177,44.4851867],[22.1255712,44.4815551],[22.1300965,44.4804534],[22.1413192,44.4796646],[22.1534349,44.481946],[22.1598297,44.4808846],[22.1641138,44.481583],[22.17371,44.4815592],[22.1766322,44.4830153],[22.180598,44.4862576],[22.1826042,44.4886176],[22.1841732,44.4920348],[22.1872578,44.5015854],[22.1903737,44.5086875],[22.1942755,44.5154459],[22.1971474,44.519119],[22.1951524,44.5177755],[22.1949883,44.5181836],[22.1961239,44.5196077],[22.1986995,44.5207844],[22.2022024,44.525098],[22.2040101,44.5296867],[22.2051673,44.5304107],[22.209155,44.538489],[22.2116997,44.5419766],[22.2117514,44.5432594],[22.2133409,44.5441506],[22.2181596,44.5521808],[22.2191173,44.5526034],[22.2208843,44.5578332],[22.2309116,44.5716665],[22.2309473,44.5730891],[22.2336272,44.5732017],[22.2359227,44.5781183],[22.2396379,44.5813736],[22.2408825,44.5814892],[22.2415016,44.5827819],[22.2470387,44.5873578],[22.2523,44.589228],[22.2540797,44.5892878],[22.2539413,44.5883931],[22.2555125,44.5884114],[22.2578846,44.5900263],[22.2614578,44.5950755],[22.26473,44.602303],[22.271743,44.6145306],[22.2718367,44.6165012],[22.2710968,44.6174964],[22.268457,44.617698],[22.2643635,44.6169739],[22.2621753,44.617835],[22.2609871,44.6217695],[22.2592025,44.6237352],[22.2602103,44.6244046],[22.2610496,44.6285319],[22.2627231,44.6292647],[22.26443,44.6312546],[22.2709186,44.6328776],[22.277354,44.6323629],[22.2799474,44.6299757],[22.2813521,44.6298142],[22.2854233,44.6317494],[22.2905766,44.6360393],[22.2935768,44.6371647],[22.2942075,44.6405534],[22.298938,44.6458037],[22.3010918,44.6521953],[22.3013884,44.6545049],[22.2981737,44.6543093],[22.2967767,44.6562644],[22.2979556,44.6600215],[22.302115,44.6630174],[22.303228,44.6649203],[22.305909,44.666816],[22.3067681,44.6685596],[22.3106424,44.6708989],[22.3146544,44.6721367],[22.3159945,44.6737149],[22.3176096,44.6733096],[22.319979,44.6744631],[22.3222242,44.6746011],[22.3298229,44.6772223],[22.3305589,44.6783868],[22.332571,44.6780393],[22.3354238,44.6797316],[22.3419491,44.6819809],[22.3451547,44.6819158],[22.3452397,44.6837668],[22.3462321,44.6847758],[22.3472008,44.6824023],[22.3484311,44.6815356],[22.3591839,44.6821792],[22.3611079,44.6841719],[22.3624598,44.684341],[22.3627368,44.6871125],[22.3634642,44.6870757],[22.3638387,44.6888243],[22.3669343,44.6930796],[22.3668678,44.690222],[22.3675522,44.6894611],[22.3673758,44.6886908],[22.3683929,44.6883932],[22.3674935,44.6867307],[22.3689239,44.6850481],[22.3688339,44.6840234],[22.3697334,44.6837025],[22.3692822,44.6833727],[22.3699069,44.6821141],[22.37176,44.6815378],[22.3765764,44.6812738],[22.3844064,44.6826451],[22.3858304,44.6834061],[22.3852165,44.6847083],[22.3854855,44.6859434],[22.3869134,44.6836485],[22.3910442,44.6855388],[22.3916728,44.6866358],[22.3931113,44.6866884],[22.3959089,44.6888929],[22.3972089,44.6904441],[22.3961477,44.6905159],[22.3936901,44.691058],[22.3977345,44.6911055],[22.3991979,44.6928117],[22.3961202,44.6950126],[22.4001585,44.6939873],[22.4045281,44.6996083],[22.4026029,44.7003448],[22.4012146,44.7011122],[22.40091,44.7014492],[22.4042796,44.7005758],[22.4058117,44.7009112],[22.4078126,44.7027413],[22.4083792,44.704991],[22.4079842,44.7058629],[22.408697,44.70706],[22.4075684,44.7091658],[22.4052595,44.710821],[22.4045966,44.7126534],[22.4035452,44.7127541],[22.4023893,44.7140155],[22.4026759,44.7143842],[22.3990867,44.7178392],[22.399417,44.7187608],[22.3987657,44.719436],[22.3997073,44.7231433],[22.4006946,44.7233074],[22.4016437,44.7222039],[22.4021422,44.722413],[22.4014653,44.722832],[22.4017886,44.723458],[22.4011749,44.724619],[22.4005866,44.7244767],[22.400623,44.7235159],[22.3999548,44.7234408],[22.399064,44.7249558],[22.4043094,44.732869],[22.4098719,44.7384828],[22.411899,44.7397128],[22.4141437,44.7371341],[22.4148011,44.7346446],[22.414217,44.7343036],[22.4144862,44.7327206],[22.4151881,44.7325718],[22.4167971,44.7280719],[22.4199969,44.723126],[22.4239056,44.7193339],[22.423735,44.7180876],[22.4281506,44.7147804],[22.4341703,44.715323],[22.4430458,44.7172793],[22.4474561,44.7191375],[22.4474233,44.7199336],[22.4527097,44.7211302],[22.4536189,44.7230312],[22.4537782,44.7212951],[22.4638459,44.7222536],[22.4710077,44.7203194],[22.4733059,44.7233095],[22.4717932,44.7247337],[22.4725031,44.7261286],[22.4709204,44.7270395],[22.4702074,44.7297844],[22.4712135,44.7318535],[22.4704104,44.7335624],[22.4710588,44.7335131],[22.4710639,44.7357447],[22.4722249,44.7365059],[22.4756842,44.7364006],[22.476561,44.7370197],[22.4762804,44.7361665],[22.4724981,44.7358047],[22.4716752,44.7340378],[22.4727083,44.7321084],[22.4730337,44.7297572],[22.4751907,44.7275576],[22.4758626,44.7232298],[22.4756647,44.722103],[22.4735532,44.7195469],[22.4766136,44.716988],[22.4798833,44.7187331],[22.4805322,44.7183294],[22.4787185,44.7157275],[22.4810865,44.7133075],[22.4874152,44.7102186],[22.4905339,44.7077208],[22.4937819,44.7038252],[22.4970434,44.7017029],[22.5040165,44.6983169],[22.5053628,44.7009079],[22.5069189,44.701647],[22.5055609,44.6998849],[22.5052902,44.6973318],[22.5102911,44.692219],[22.5149333,44.6859179],[22.5200767,44.682211],[22.5096553,44.6764127],[22.5085861,44.6768331],[22.4974863,44.6846303],[22.4943305,44.68865],[22.4920888,44.6904261],[22.489843,44.6896626],[22.4909351,44.6907564],[22.4878713,44.6924335],[22.4820028,44.6984033],[22.4787184,44.7001535],[22.4771437,44.702092],[22.4757499,44.7024222],[22.4743383,44.7040325],[22.4685941,44.7077354],[22.4626028,44.7101109],[22.4552901,44.7110414],[22.448424,44.7085544],[22.4302283,44.7063134],[22.4245794,44.7045235],[22.4209713,44.7024308],[22.4164186,44.697616],[22.4151217,44.6927269],[22.4154113,44.6907795],[22.4134375,44.6907789],[22.4127505,44.689956],[22.4132091,44.6889952],[22.4122936,44.6888278],[22.4105724,44.6860525],[22.4099148,44.6861941],[22.4048111,44.6822184],[22.4052253,44.6815971],[22.4042117,44.6819992],[22.4025825,44.6800505],[22.4021573,44.6758917],[22.4009243,44.6782935],[22.3986484,44.6779018],[22.3989567,44.6786853],[22.3962267,44.6765345],[22.3909991,44.6746138],[22.3905214,44.6749143],[22.3886387,44.673321],[22.3889798,44.6724109],[22.3883002,44.6731566],[22.3866898,44.6732078],[22.3786243,44.6715536],[22.3784221,44.6702261],[22.3774459,44.6711204],[22.3739948,44.6701591],[22.3695577,44.670196],[22.3689373,44.6699719],[22.3689406,44.6692143],[22.3681155,44.6699719],[22.366774,44.6697225],[22.3661471,44.6676319],[22.3650395,44.6695908],[22.3633829,44.668542],[22.3633667,44.6692558],[22.3624344,44.6691888],[22.3617945,44.6679553],[22.3613268,44.6682648],[22.3616678,44.668914],[22.3604563,44.6689902],[22.3599301,44.6680846],[22.3596767,44.669011],[22.3576206,44.6689463],[22.3568605,44.6681031],[22.3574094,44.6671837],[22.3561914,44.6685212],[22.3543431,44.6685004],[22.3543107,44.6676249],[22.353635,44.6683341],[22.352719,44.6682417],[22.3521636,44.6673177],[22.3519297,44.6679784],[22.3476616,44.6678259],[22.3492473,44.665872],[22.3483989,44.6656752],[22.3476388,44.6668487],[22.3463665,44.6673488],[22.3367383,44.6667537],[22.3207547,44.6628212],[22.3181133,44.6606102],[22.3191197,44.6622553],[22.3178794,44.6617913],[22.3143698,44.658903],[22.3096035,44.6565581],[22.3058297,44.6532568],[22.3055914,44.6528007],[22.306438,44.65251],[22.3037725,44.651304],[22.3047707,44.6499142],[22.3040941,44.6495618],[22.304819,44.6492524],[22.3040699,44.6485217],[22.3059185,44.6481521],[22.3041907,44.6476966],[22.3057959,44.6440374],[22.3051141,44.6393857],[22.3029083,44.6387976],[22.3025665,44.6376425],[22.3008066,44.6371076],[22.2986195,44.6351865],[22.2938958,44.6347876],[22.2857677,44.6292615],[22.2792875,44.6262378],[22.2740161,44.6189786],[22.2746955,44.6137749],[22.272751,44.6111658],[22.2739473,44.6098487],[22.2744291,44.6069688],[22.2720384,44.6008618],[22.2688958,44.5997198],[22.2678666,44.5969054],[22.2662895,44.5944464],[22.265228,44.5938671],[22.2648579,44.591725],[22.2634689,44.5903756],[22.2595047,44.5883602],[22.2550611,44.584544],[22.2543264,44.5821437],[22.2517617,44.5801628],[22.2503006,44.5772719],[22.2467793,44.5734669],[22.2449008,44.5686511],[22.245497,44.5672771],[22.2428001,44.5623627],[22.2299408,44.5474463],[22.2262039,44.5403965],[22.2215483,44.5339694],[22.2196574,44.5290746],[22.2131812,44.5191527],[22.2031563,44.5058133],[22.2030795,44.5042463],[22.2038098,44.5037713],[22.2028694,44.5040625],[22.2014982,44.5000837],[22.1999388,44.4985868],[22.199227,44.4928214],[22.1985864,44.4928926],[22.1930039,44.481035],[22.1887639,44.4768776],[22.1808303,44.4713234],[22.1795514,44.4662917],[22.1809192,44.4654491],[22.1794054,44.4653085],[22.1767366,44.4621357],[22.1762066,44.4489772],[22.1754085,44.4482241],[22.1753975,44.4468898],[22.1731874,44.4473103],[22.1753962,44.4467227],[22.1753647,44.4428888],[22.1765524,44.4379626],[22.1751899,44.4322285],[22.1729663,44.430315],[22.1724968,44.4289098],[22.172223,44.4308181],[22.1731809,44.4320408],[22.1730226,44.4345498],[22.174007,44.4358196],[22.1744254,44.4383093],[22.1739694,44.4404331],[22.1716091,44.4436139],[22.1712872,44.4475949],[22.1718693,44.4480812],[22.1708259,44.4491286],[22.1712767,44.449847],[22.1706164,44.4505089],[22.1715179,44.4506528],[22.1700856,44.4523492],[22.1702412,44.4538521],[22.1691924,44.4561458],[22.1733499,44.469077],[22.1650441,44.4685155],[22.1590758,44.4663389],[22.157842,44.4669355],[22.1506642,44.467263],[22.1482224,44.464794],[22.1445832,44.4644389],[22.1428526,44.4649489],[22.1378656,44.4643901],[22.1380751,44.4638351],[22.1374031,44.4636183],[22.1376356,44.464452],[22.1363863,44.4650515],[22.1344444,44.4646782],[22.1340206,44.4656066],[22.1317022,44.4656377],[22.1251103,44.4675242],[22.1243323,44.4668954],[22.1250138,44.4675589],[22.1196038,44.4708245],[22.1182868,44.4724667],[22.1160203,44.4722868],[22.1101436,44.4732936],[22.0985182,44.4773561],[22.093224,44.4806296],[22.0901525,44.4833374],[22.0868399,44.4830037],[22.0734306,44.4897492],[22.0624889,44.4987577],[22.0571246,44.50468],[22.0571246,44.5055781],[22.0529777,44.5088847],[22.0522749,44.5134347],[22.0543353,44.5166126],[22.0542142,44.5175621],[22.059769,44.5205723],[22.0654917,44.5220615],[22.0680337,44.5220449],[22.0678303,44.5235236],[22.051553,44.533173],[22.0437565,44.5357525],[22.0400408,44.5363145],[22.0330023,44.5420353],[22.0313761,44.5443946],[22.030703,44.5479498],[22.0290923,44.5500886],[22.0270533,44.5570085],[22.0248215,44.560407],[22.0243337,44.5640035],[22.0213936,44.5663552],[22.0201036,44.568903],[22.0201359,44.572644],[22.0188469,44.5747006],[22.0210711,44.5831255],[22.0231674,44.5879953],[22.0229417,44.5910268],[22.0196844,44.5953806],[22.0162013,44.5956386],[22.0147178,44.5968964],[22.0126538,44.5974769],[22.0027529,44.6065715],[22.0027529,44.6076036],[22.0001321,44.611135],[21.9995435,44.6156686],[21.9987306,44.6157228],[21.9984054,44.616888],[21.9969963,44.6179448],[21.9935006,44.6253156],[21.9938528,44.6264538],[21.9877286,44.6308708],[21.9791384,44.6323883],[21.969383,44.6304914],[21.9603424,44.6301292],[21.9532865,44.6312231],[21.9529071,44.631765],[21.9513652,44.6314318],[21.9453963,44.6339484],[21.9368788,44.6358659],[21.9305018,44.638051],[21.9286326,44.6392756],[21.927729,44.6390403],[21.9225043,44.640467],[21.9170916,44.6406472],[21.9154216,44.6413498],[21.9103968,44.6404372],[21.9094527,44.6409557],[21.9083814,44.6395803],[21.9090208,44.6412617],[21.9085366,44.6418011],[21.90577,44.6403895],[21.9023897,44.641313],[21.9012907,44.6408437],[21.8977073,44.6410842],[21.8946716,44.6421258],[21.8801104,44.6442942],[21.8796198,44.6448293],[21.8732875,44.6454091],[21.8678024,44.6467023],[21.8670443,44.647505],[21.8643886,44.6465507],[21.8587943,44.6467469],[21.8539336,44.6479063],[21.8530417,44.647282],[21.8461296,44.6474158],[21.8448809,44.648932],[21.8408713,44.6508947],[21.8396886,44.6498893],[21.838941,44.6500537],[21.839265,44.6492605],[21.8365731,44.6486679],[21.8349971,44.6462345],[21.8331671,44.6454389],[21.8277966,44.6446831],[21.8203973,44.6446831],[21.8146687,44.6455185],[21.8143505,44.6461948],[21.8111679,44.6462743],[21.7993242,44.6532957],[21.7954955,44.6543054],[21.7944479,44.6555981],[21.791228,44.6554054],[21.7887477,44.6560757],[21.7868523,44.6554236],[21.7830708,44.6554402],[21.7746373,44.6576428],[21.7706989,44.6577337],[21.764812,44.6564158],[21.7660824,44.6533704],[21.7654131,44.6531803],[21.7647983,44.6534245],[21.7641577,44.6563109],[21.7626511,44.6559852],[21.7611142,44.6568989],[21.7535812,44.654015],[21.7515597,44.6544837],[21.7492762,44.6537291],[21.7215511,44.6519583],[21.709991,44.6547068],[21.7060604,44.6564672],[21.7009336,44.660124],[21.6973778,44.6615558],[21.6942299,44.6620126],[21.6908916,44.660391],[21.6885258,44.6602012],[21.6799543,44.6613458],[21.6793859,44.6618391]]]}},{"type":"Feature","properties":{"n":"Lacul Snagov","a":5.4},"geometry":{"type":"Polygon","coordinates":[[[26.1610436,44.687827],[26.1610113,44.6863841],[26.1607861,44.6877477],[26.1585978,44.6885604],[26.1560872,44.6884339],[26.1571468,44.6899749],[26.1568035,44.6905729],[26.1539883,44.6903289],[26.1515401,44.6892958],[26.1497713,44.6904583],[26.149012,44.6902623],[26.1493728,44.6913295],[26.1505099,44.6920784],[26.1506409,44.693398],[26.1502546,44.6952894],[26.1493783,44.69609],[26.1465704,44.6944307],[26.1426415,44.694661],[26.137011,44.6935017],[26.1342472,44.6916102],[26.1335894,44.6895068],[26.1312239,44.6881381],[26.1315903,44.6873621],[26.1306852,44.689023],[26.1284966,44.6888217],[26.1263524,44.6877221],[26.1270828,44.6887988],[26.1268229,44.6895722],[26.1235131,44.6897713],[26.1210278,44.6891935],[26.11412,44.6856028],[26.1102318,44.6848083],[26.1063467,44.6797273],[26.1023869,44.6780018],[26.1017346,44.6773426],[26.1022418,44.6764703],[26.1010737,44.6766286],[26.0994631,44.6750469],[26.0999666,44.6739207],[26.0990566,44.6750234],[26.1001375,44.6760697],[26.0999213,44.6767761],[26.0925454,44.6743977],[26.088038,44.6745687],[26.0850113,44.6737063],[26.0823656,44.6740634],[26.079453,44.6736079],[26.077099,44.6717428],[26.074672,44.6727333],[26.0806858,44.6752809],[26.0844912,44.6751576],[26.090112,44.6759749],[26.092321,44.6755502],[26.094173,44.6767831],[26.0983765,44.6773572],[26.1049855,44.6812151],[26.1069353,44.6834823],[26.1005331,44.6839016],[26.1070837,44.6841557],[26.1092804,44.6860413],[26.1130694,44.6869109],[26.1146349,44.6882847],[26.1142025,44.6898669],[26.1122123,44.6917804],[26.1080431,44.6913356],[26.1059819,44.692052],[26.105668,44.69276],[26.1083237,44.6951904],[26.1085302,44.694619],[26.1068843,44.6931393],[26.1067842,44.6922623],[26.108298,44.691987],[26.1129945,44.6929766],[26.1167523,44.6890142],[26.1168877,44.6900686],[26.1180331,44.689614],[26.1222271,44.6916743],[26.1312822,44.6913974],[26.1327194,44.6931539],[26.1321615,44.6955884],[26.1306713,44.6961673],[26.1324448,44.6960887],[26.1332516,44.6942766],[26.1383373,44.6958662],[26.1429934,44.6958508],[26.1471304,44.6975164],[26.1472334,44.6994504],[26.1461184,44.6996442],[26.1486668,44.7010061],[26.1525721,44.6984743],[26.154815,44.7000201],[26.1572069,44.7004876],[26.1599106,44.7025923],[26.1595244,44.7029888],[26.161713,44.7043004],[26.1615414,44.706405],[26.1589737,44.7057071],[26.1643792,44.7098583],[26.1649403,44.7113337],[26.1644768,44.7118278],[26.1638886,44.7108077],[26.1597581,44.7098734],[26.1562952,44.7082162],[26.1592239,44.710187],[26.1625713,44.7114679],[26.1639876,44.7145666],[26.1623532,44.7153566],[26.1588929,44.7153025],[26.1643309,44.71589],[26.1648029,44.7167439],[26.1636013,44.7173843],[26.1674495,44.720033],[26.1721243,44.7200373],[26.1744846,44.7219157],[26.1731629,44.7220925],[26.1767248,44.7249648],[26.1726822,44.7259649],[26.1715063,44.7273248],[26.1629435,44.7274488],[26.1652235,44.7287029],[26.1656269,44.7308493],[26.1662706,44.7309652],[26.1676096,44.728648],[26.1706137,44.7281053],[26.1739943,44.7313432],[26.1742281,44.7326687],[26.1764673,44.7345017],[26.1754288,44.7355931],[26.1757206,44.7359528],[26.1774531,44.7349412],[26.1763503,44.7323711],[26.1791997,44.732468],[26.1794193,44.7319136],[26.1824513,44.7312341],[26.1868644,44.7332392],[26.1880963,44.7346103],[26.1859075,44.7346812],[26.188231,44.7349474],[26.1920542,44.7414764],[26.1986884,44.7395148],[26.2058021,44.7392764],[26.2066151,44.7383805],[26.2088378,44.7385936],[26.2067741,44.7380623],[26.2059632,44.7371584],[26.2064858,44.7356217],[26.2056613,44.7346682],[26.1987826,44.7345673],[26.1974057,44.7362933],[26.1916848,44.7322408],[26.1906548,44.732176],[26.1910552,44.731943],[26.1902775,44.7305836],[26.1874921,44.7281112],[26.1868614,44.7262272],[26.1895349,44.7236829],[26.1860344,44.7206147],[26.1858355,44.7189647],[26.1828261,44.71702],[26.1857268,44.7157146],[26.1834828,44.7164077],[26.1816279,44.7155273],[26.1830834,44.7182304],[26.1849983,44.7195181],[26.1850881,44.7208049],[26.1873998,44.7242757],[26.1856823,44.7249354],[26.1844153,44.7271724],[26.1823982,44.7270809],[26.1804842,44.7281968],[26.1796774,44.7280139],[26.1810507,44.7250868],[26.1784315,44.7213309],[26.1789066,44.7211871],[26.1732173,44.7176032],[26.1725845,44.7166567],[26.1692906,44.7166991],[26.1703704,44.7141208],[26.1697004,44.7108882],[26.1656183,44.7068808],[26.1663119,44.7043733],[26.1660173,44.7034181],[26.1578936,44.6988464],[26.1568207,44.6977909],[26.1568857,44.6960289],[26.154816,44.6952679],[26.1509413,44.6910123],[26.1516003,44.6903877],[26.1569923,44.6910001],[26.1582375,44.6899038],[26.1569923,44.6890108],[26.1592068,44.6886447],[26.1610436,44.687827]]]}},{"type":"Feature","properties":{"n":"Lacul de acumulare Costești - Stânca","a":48.9},"geometry":{"type":"Polygon","coordinates":[[[27.1455718,48.0541328],[27.1447666,48.0516952],[27.1451249,48.04928],[27.1490836,48.0483866],[27.1486072,48.0463377],[27.150517,48.0453879],[27.1508795,48.0441647],[27.1510144,48.0431951],[27.1501375,48.0419323],[27.1481477,48.0411995],[27.1477893,48.0393307],[27.1484006,48.0372729],[27.1476544,48.0344201],[27.1504158,48.0335152],[27.1473003,48.0337351],[27.1451713,48.031818],[27.1445305,48.0296528],[27.1458754,48.0258156],[27.1446907,48.0246229],[27.1444377,48.0224462],[27.1430845,48.0219865],[27.1384344,48.0236304],[27.1358915,48.0230301],[27.1366217,48.0212927],[27.1418745,48.0182052],[27.1423804,48.016265],[27.1389824,48.0132982],[27.1320033,48.0115321],[27.1255677,48.0055703],[27.1258544,48.0042163],[27.1237791,48.0027641],[27.1215711,47.999861],[27.1200804,47.9997248],[27.1206099,47.9978411],[27.1222172,47.9956529],[27.1244869,47.9943727],[27.1365555,47.9926926],[27.1377861,47.9927947],[27.1376924,47.9939366],[27.1406098,47.9949015],[27.1416553,47.9962952],[27.1443619,47.9964024],[27.1469841,47.9974462],[27.1556013,47.9991021],[27.1615245,47.9993588],[27.1660607,47.9987946],[27.168683,47.996439],[27.1692923,47.9946437],[27.1683164,47.992908],[27.1687516,47.9919068],[27.1681275,47.9897764],[27.1659203,47.9880973],[27.1618859,47.9873426],[27.1613284,47.9865714],[27.1614009,47.9837433],[27.1594185,47.9831162],[27.1598712,47.982063],[27.158442,47.9813022],[27.1593361,47.9780364],[27.1586038,47.9769933],[27.1574906,47.9773194],[27.1576761,47.975547],[27.1557191,47.9714745],[27.1523129,47.9693857],[27.1462866,47.9677649],[27.1457221,47.967283],[27.1462927,47.9664276],[27.1456493,47.9655237],[27.1465119,47.9643094],[27.1504923,47.9621901],[27.1514915,47.9624577],[27.1480114,47.9651064],[27.1545049,47.964577],[27.1653946,47.9591511],[27.1722662,47.9570387],[27.1749911,47.9566891],[27.175152,47.9571292],[27.1773434,47.9560119],[27.1778235,47.9571274],[27.1790171,47.9573411],[27.1806076,47.9568651],[27.1825442,47.9548946],[27.1845773,47.9552718],[27.185787,47.9545766],[27.1862939,47.9553059],[27.1879891,47.9554964],[27.185728,47.9543377],[27.1820909,47.9542371],[27.1795294,47.956161],[27.1778101,47.9551084],[27.1801865,47.954009],[27.1801039,47.9518079],[27.1815202,47.951459],[27.1826332,47.9498778],[27.1820935,47.9489177],[27.1829536,47.9474946],[27.1806517,47.9454501],[27.1808411,47.9434025],[27.1855735,47.9415319],[27.1838262,47.9419229],[27.1839193,47.9411232],[27.1831095,47.9420726],[27.1803018,47.9419624],[27.1768364,47.9391891],[27.1764613,47.9372412],[27.1744784,47.935885],[27.1747542,47.9348798],[27.1732929,47.9343459],[27.1664403,47.9276323],[27.1667017,47.9255873],[27.168193,47.9229904],[27.1726079,47.921331],[27.1740547,47.9200736],[27.1790244,47.9193561],[27.1840918,47.9153835],[27.1886731,47.9152001],[27.1964464,47.9130763],[27.2014535,47.9079615],[27.2045785,47.9066488],[27.2100665,47.9056599],[27.2137218,47.9031385],[27.221362,47.9008463],[27.2232063,47.8983934],[27.2233201,47.8961661],[27.2226203,47.8948602],[27.2201119,47.8927458],[27.216513,47.8924421],[27.2149902,47.893165],[27.2133671,47.8925931],[27.2131165,47.8902329],[27.2146608,47.8886945],[27.2266579,47.8837557],[27.2293087,47.8809402],[27.2282154,47.8767373],[27.2291664,47.8730097],[27.2322538,47.8712717],[27.2360721,47.8710802],[27.2460865,47.8724845],[27.2477196,47.8737142],[27.2461203,47.8750795],[27.2456137,47.8774008],[27.2466084,47.8787362],[27.2458874,47.8802781],[27.2489228,47.8802442],[27.2496273,47.8847177],[27.2510392,47.8867639],[27.2501216,47.8879452],[27.2474057,47.8886534],[27.2473756,47.8904758],[27.252375,47.8939912],[27.2523166,47.8946567],[27.2552171,47.897065],[27.2585006,47.8978544],[27.2591506,47.8987962],[27.2643447,47.9006609],[27.262325,47.9017823],[27.2628941,47.9037522],[27.2636108,47.9041676],[27.2633536,47.9052896],[27.2645256,47.9056627],[27.2668401,47.9088306],[27.2719953,47.9115768],[27.2690956,47.9124844],[27.2663679,47.9108596],[27.26504,47.9119108],[27.2656765,47.9147788],[27.271412,47.9203889],[27.270959,47.9216926],[27.264479,47.9236307],[27.2637198,47.9247518],[27.2636698,47.9263484],[27.2664508,47.929417],[27.268342,47.933297],[27.2693423,47.9337911],[27.2659573,47.9257352],[27.2660885,47.9242761],[27.275061,47.922543],[27.2783999,47.9202037],[27.2776571,47.9193104],[27.2777802,47.9178106],[27.2760981,47.9164148],[27.2752844,47.9160842],[27.2718234,47.9170689],[27.2690532,47.9141652],[27.2698389,47.9134414],[27.2729699,47.9132191],[27.2734814,47.9115595],[27.2664916,47.9065972],[27.2658998,47.9053825],[27.2662433,47.9045661],[27.2653962,47.9047647],[27.2650366,47.9030775],[27.2656467,47.9006906],[27.2597599,47.896887],[27.2554379,47.8906199],[27.2550133,47.8881913],[27.256323,47.8874896],[27.256812,47.8838029],[27.2575801,47.883128],[27.2558339,47.8831187],[27.254957,47.8814732],[27.2526545,47.8799648],[27.2545608,47.879002],[27.2558677,47.8774185],[27.256011,47.8752412],[27.2551173,47.8759538],[27.2557075,47.8768021],[27.2545678,47.8771978],[27.2523733,47.8794854],[27.2488357,47.8787879],[27.2489918,47.8776458],[27.2557212,47.8730883],[27.2548643,47.8673964],[27.2510532,47.8658578],[27.2502016,47.86368],[27.2507328,47.8636121],[27.2507665,47.8626731],[27.2497845,47.8604171],[27.2472674,47.8577061],[27.2446105,47.8571175],[27.2413905,47.8576439],[27.2412826,47.8556811],[27.2419589,47.8558246],[27.2420367,47.8553008],[27.2416757,47.8539956],[27.2404705,47.8522544],[27.2402307,47.8506936],[27.2383186,47.8494452],[27.2360462,47.8451532],[27.2286534,47.8415237],[27.2258691,47.8396458],[27.224563,47.8379495],[27.2216763,47.8374759],[27.2187515,47.8349566],[27.2150674,47.8342375],[27.2111711,47.8346965],[27.2038434,47.8361732],[27.1991727,47.838004],[27.1976488,47.8403024],[27.1918534,47.8444055],[27.1899938,47.8511715],[27.1861657,47.8559194],[27.1841008,47.8602019],[27.1835907,47.863521],[27.1802382,47.8731782],[27.1804493,47.8775368],[27.1832046,47.883839],[27.1926732,47.887257],[27.1952531,47.8894719],[27.1923232,47.890756],[27.1919199,47.8914773],[27.1920546,47.8940859],[27.1934749,47.8966011],[27.1893441,47.8975473],[27.1811437,47.9020852],[27.1758621,47.9062394],[27.1689291,47.9092441],[27.1620916,47.910674],[27.1554274,47.9137327],[27.152043,47.9117398],[27.1448667,47.9116863],[27.1443128,47.9123144],[27.140369,47.9123488],[27.1427624,47.9131659],[27.1395442,47.9161427],[27.1391865,47.9169311],[27.139804,47.9202477],[27.1390383,47.9212605],[27.142485,47.9212722],[27.1435936,47.921878],[27.1499451,47.9280896],[27.1514901,47.9308501],[27.15458,47.9339556],[27.155095,47.9354507],[27.15458,47.9363708],[27.1504601,47.9382108],[27.1544083,47.9369458],[27.1576699,47.9369458],[27.1619614,47.9390158],[27.1662529,47.9399358],[27.1699735,47.9418177],[27.171255,47.9417276],[27.1705823,47.9443978],[27.1714192,47.9447676],[27.173755,47.9437318],[27.1703307,47.9490108],[27.1618364,47.9512781],[27.1574982,47.9546533],[27.1504601,47.9563778],[27.1495557,47.9548796],[27.1473527,47.9553265],[27.149032,47.956135],[27.1481178,47.9570475],[27.1466871,47.9572551],[27.1439695,47.9596103],[27.1423131,47.9643716],[27.1384331,47.9682093],[27.1338474,47.9711255],[27.1320923,47.9741937],[27.1303757,47.9741937],[27.1279943,47.9725398],[27.1283146,47.9715374],[27.1278008,47.970631],[27.1250774,47.9735039],[27.120591,47.9735042],[27.1150003,47.9761696],[27.1118363,47.976607],[27.1101197,47.9777561],[27.1102913,47.9791351],[27.1126946,47.9797096],[27.1111496,47.9787903],[27.1119681,47.9779725],[27.1138286,47.9778259],[27.118713,47.9757974],[27.1253647,47.9746703],[27.1300307,47.976765],[27.1356929,47.97714],[27.140338,47.9743901],[27.1426613,47.9706915],[27.1456536,47.9700564],[27.1500456,47.9710005],[27.1516617,47.9733892],[27.1508132,47.9767964],[27.1515664,47.9772673],[27.1505277,47.9795941],[27.152987,47.9810421],[27.152618,47.9851243],[27.1543697,47.9877074],[27.154506,47.9901402],[27.1525588,47.990599],[27.1464773,47.9896867],[27.1312288,47.9897766],[27.1222829,47.9917493],[27.1194152,47.993361],[27.1176997,47.9950896],[27.1151017,47.9997136],[27.1154412,48.0019972],[27.1181128,48.0048632],[27.1254534,48.0093433],[27.1251166,48.0104866],[27.1162388,48.0121267],[27.1053132,48.0079695],[27.1049698,48.0064765],[27.1031877,48.0054547],[27.0989617,48.0046389],[27.0955285,48.004524],[27.0930945,48.0052294],[27.0902514,48.0064819],[27.0880778,48.0089609],[27.087632,48.0123335],[27.0882984,48.0161591],[27.0925622,48.0241824],[27.0992486,48.025712],[27.1024182,48.0244069],[27.0945139,48.0223616],[27.0928211,48.0208567],[27.0916586,48.0171422],[27.0919718,48.0157123],[27.0908936,48.0102664],[27.0916652,48.0092168],[27.0957034,48.0080033],[27.0990113,48.0079927],[27.1037404,48.0098988],[27.1055847,48.011685],[27.1091049,48.013583],[27.1182027,48.0168008],[27.1193999,48.0163862],[27.1218894,48.0170786],[27.1266132,48.0164976],[27.1295264,48.0151468],[27.1318794,48.0131368],[27.1367396,48.013772],[27.1387801,48.0158589],[27.1393619,48.0181093],[27.1345137,48.0199366],[27.1333586,48.021104],[27.1327177,48.0234161],[27.1340307,48.0248037],[27.1337131,48.0253043],[27.135834,48.0262716],[27.1431278,48.0250641],[27.1434436,48.0268867],[27.1422526,48.0319328],[27.1434045,48.035155],[27.1450063,48.036212],[27.1461983,48.036158],[27.146259,48.0370784],[27.1454873,48.0373859],[27.1459597,48.0388543],[27.1454706,48.040523],[27.1468492,48.0455316],[27.1439445,48.0482119],[27.1431308,48.0511034],[27.1444504,48.0540454],[27.1455718,48.0541328]]]}},{"type":"Feature","properties":{"n":"Acumularea Frumoasa","a":0.7},"geometry":{"type":"Polygon","coordinates":[[[25.8788645,46.4473237],[25.8819893,46.4507352],[25.8862513,46.4486506],[25.8908701,46.4486765],[25.8911061,46.4479095],[25.889006,46.4468247],[25.8914575,46.4426737],[25.8945554,46.441476],[25.894534,46.4408716],[25.8930266,46.440038],[25.8933055,46.4395722],[25.8928005,46.4392902],[25.8914736,46.439794],[25.88804,46.4395789],[25.884711,46.4418593],[25.882559,46.4452627],[25.880675,46.4468201],[25.8788645,46.4473237]]]}},{"type":"Feature","properties":{"n":"Lacul Pădureni","a":0.7},"geometry":{"type":"Polygon","coordinates":[[[25.932946,45.890925],[25.9329848,45.8901841],[25.93208,45.889601],[25.9326072,45.8891924],[25.93352,45.889928],[25.9351678,45.8897246],[25.939322,45.8842536],[25.9438624,45.879754],[25.9448924,45.8794334],[25.944801,45.878287],[25.9390251,45.8769239],[25.9355629,45.8783326],[25.9348505,45.8833663],[25.933487,45.8856],[25.9319355,45.8858842],[25.931136,45.887278],[25.930889,45.891082],[25.932946,45.890925]]]}},{"type":"Feature","properties":{"n":"Lacul Hănești","a":2.0},"geometry":{"type":"Polygon","coordinates":[[[26.9810651,47.9217551],[26.9795013,47.9151317],[26.9782605,47.9125497],[26.9734122,47.9129798],[26.9690365,47.9183421],[26.9670959,47.9189718],[26.9638406,47.9215098],[26.9651082,47.9221242],[26.964131,47.924234],[26.9665794,47.9247001],[26.967367,47.92587],[26.965045,47.927842],[26.9647471,47.9295547],[26.9628176,47.9310486],[26.9684469,47.933909],[26.9720696,47.9335606],[26.9773986,47.9296866],[26.9785717,47.9273824],[26.9787126,47.9246816],[26.9810651,47.9217551]]]}},{"type":"Feature","properties":{"n":"Lacul Fundeni","a":0.8},"geometry":{"type":"Polygon","coordinates":[[[26.1417562,44.461028],[26.1441941,44.4604872],[26.1476804,44.4617727],[26.1514182,44.4598515],[26.1516197,44.4587772],[26.1546375,44.458153],[26.1562656,44.4562162],[26.1582209,44.4553273],[26.1585953,44.454445],[26.1573062,44.4509287],[26.1577693,44.4481142],[26.1588983,44.4462788],[26.1618151,44.4472013],[26.1599743,44.4494344],[26.1589089,44.4527737],[26.1591888,44.4544817],[26.1612093,44.4557164],[26.1631382,44.4554884],[26.1632939,44.4528738],[26.1615314,44.4522152],[26.1639127,44.4461846],[26.1611302,44.4452959],[26.159307,44.4461201],[26.157795,44.4459854],[26.1559517,44.447111],[26.1549059,44.4483945],[26.1552479,44.4505037],[26.1547684,44.450984],[26.1551549,44.453883],[26.15646,44.4560066],[26.1526684,44.4543638],[26.1507923,44.4547651],[26.1481866,44.4579892],[26.1490609,44.4606151],[26.1471882,44.461286],[26.1447748,44.4598259],[26.1427481,44.4598243],[26.1361568,44.4663469],[26.1417562,44.461028]]]}},{"type":"Feature","properties":{"n":"Lacul Techirghiol","a":10.0},"geometry":{"type":"Polygon","coordinates":[[[28.6220629,44.0383527],[28.6198255,44.037416],[28.618874,44.0359458],[28.6187209,44.0333791],[28.6202136,44.0291793],[28.6190924,44.0278389],[28.6193236,44.0252508],[28.6171931,44.0274731],[28.6137199,44.0284869],[28.6110143,44.0269493],[28.6106031,44.0254367],[28.6077735,44.0253087],[28.606515,44.024544],[28.6053246,44.0211158],[28.6024734,44.0219625],[28.6012048,44.0216674],[28.5983654,44.0189656],[28.5971519,44.0167355],[28.5943471,44.016743],[28.591868,44.0234495],[28.5932029,44.0251583],[28.602342,44.0306198],[28.6027558,44.0315893],[28.6022696,44.0331918],[28.6027848,44.0339396],[28.6059523,44.0345594],[28.6069775,44.0353828],[28.6089598,44.038863],[28.6080579,44.0408867],[28.6079898,44.0430805],[28.6090344,44.0440919],[28.6109012,44.0492162],[28.6119703,44.0493881],[28.6077134,44.0512785],[28.6035346,44.05161],[28.6031195,44.052373],[28.6039891,44.0526036],[28.6030725,44.0524664],[28.6028728,44.0531052],[28.6041033,44.0532955],[28.6028948,44.0534709],[28.6036254,44.0545137],[28.6107341,44.0571278],[28.6128662,44.0564806],[28.6186222,44.0580345],[28.6218086,44.0577984],[28.6230152,44.0567416],[28.6230152,44.0538757],[28.6235006,44.0533212],[28.6293409,44.0570085],[28.6359713,44.056927],[28.6397708,44.0551959],[28.6414473,44.052703],[28.641216,44.0499472],[28.6443339,44.0437153],[28.6444257,44.0424865],[28.6431502,44.0409431],[28.6424401,44.0371397],[28.6428246,44.0353462],[28.642388,44.0331803],[28.6463197,44.0317643],[28.6448844,44.0262201],[28.6424327,44.0248407],[28.6416052,44.023198],[28.6396837,44.0227571],[28.6352205,44.0227282],[28.6319287,44.0242241],[28.6304643,44.0258596],[28.6306606,44.0295234],[28.6297041,44.0305552],[28.6313131,44.032265],[28.6295762,44.0378965],[28.6261442,44.0368483],[28.6220629,44.0383527]]]}},{"type":"Feature","properties":{"n":"Colibița","a":2.8},"geometry":{"type":"Polygon","coordinates":[[[24.9035589,47.1668488],[24.8991221,47.1659919],[24.8992401,47.1651604],[24.8971373,47.165919],[24.8925239,47.1650582],[24.8915529,47.1633102],[24.8892409,47.1628334],[24.8858291,47.1638182],[24.8849241,47.16305],[24.8850888,47.1645476],[24.8821598,47.1647592],[24.8816424,47.1626663],[24.8810869,47.1637525],[24.8775357,47.1628699],[24.8766881,47.1649999],[24.8780936,47.1654813],[24.8796171,47.1674653],[24.8814195,47.1668089],[24.883393,47.1680296],[24.8847455,47.1678009],[24.885754,47.1683844],[24.8865265,47.1679613],[24.8851296,47.1663763],[24.8876864,47.1672626],[24.8869638,47.1685102],[24.8886536,47.1695641],[24.888275,47.1704813],[24.8905633,47.170815],[24.8901074,47.174593],[24.8915504,47.1744909],[24.8908047,47.1752238],[24.8912553,47.1760443],[24.892693,47.176934],[24.893605,47.1765694],[24.8960189,47.1772221],[24.8983739,47.1767991],[24.8981701,47.1756249],[24.899302,47.1764636],[24.8991464,47.1770033],[24.8954396,47.1779258],[24.8961745,47.1782285],[24.8978321,47.1777253],[24.9009703,47.177955],[24.9010347,47.1772841],[24.9023382,47.1781592],[24.9015926,47.1765803],[24.9025124,47.1751382],[24.9035639,47.175109],[24.9038214,47.1761446],[24.9047226,47.1762904],[24.9063748,47.1746568],[24.9081558,47.175707],[24.9089497,47.1749048],[24.910087,47.1753569],[24.9116749,47.1739713],[24.9138192,47.1751642],[24.9147791,47.1765351],[24.9146789,47.1744234],[24.9187344,47.173344],[24.9235682,47.1699998],[24.9271945,47.168738],[24.9328325,47.1685009],[24.9372206,47.167064],[24.935563,47.1666008],[24.9343989,47.1674251],[24.9329559,47.1666118],[24.9309443,47.1665425],[24.9276022,47.1673303],[24.9230425,47.1673923],[24.9219428,47.1684535],[24.9191533,47.1693908],[24.917147,47.1697956],[24.9163536,47.1692136],[24.9175493,47.1703244],[24.9154786,47.1708678],[24.9118362,47.1692121],[24.9120891,47.1670035],[24.911407,47.1685338],[24.9107901,47.1686687],[24.9056886,47.1677788],[24.9060426,47.1662617],[24.9041865,47.167075],[24.9036501,47.1656599],[24.9035589,47.1668488]]]}},{"type":"Feature","properties":{"n":"Lacul Babadag","a":17.6},"geometry":{"type":"Polygon","coordinates":[[[28.794444,44.900275],[28.748546,44.914252],[28.735728,44.926764],[28.738048,44.942511],[28.756602,44.950751],[28.776134,44.944648],[28.796153,44.920661],[28.803233,44.899054],[28.794444,44.900275]]]}},{"type":"Feature","properties":{"n":"Lacul Dranov","a":19.1},"geometry":{"type":"Polygon","coordinates":[[[29.173595,44.856513],[29.164806,44.866584],[29.167247,44.882331],[29.181895,44.897589],[29.201915,44.904792],[29.221934,44.903937],[29.233531,44.893927],[29.224132,44.880194],[29.211681,44.869269],[29.195323,44.858649],[29.173595,44.856513]]]}},{"type":"Feature","properties":{"n":"Lacul Tașaul","a":18.7},"geometry":{"type":"Polygon","coordinates":[[[28.579478,44.367743],[28.564952,44.369269],[28.555186,44.388129],[28.564586,44.400275],[28.574229,44.39234],[28.582286,44.387519],[28.609264,44.38172],[28.635387,44.366584],[28.631114,44.345832],[28.612804,44.337958],[28.607188,44.347419],[28.596812,44.357123],[28.584727,44.365363],[28.579478,44.367743]]]}},{"type":"Feature","properties":{"n":"Balta Bistreț","a":19.1},"geometry":{"type":"Polygon","coordinates":[[[23.574962,43.871466],[23.528575,43.883918],[23.519054,43.894782],[23.554698,43.90058],[23.5796,43.895392],[23.612071,43.891181],[23.626964,43.87995],[23.612682,43.868048],[23.594737,43.866828],[23.574962,43.871466]]]}},{"type":"Feature","properties":{"n":"Lacul Oltina","a":17.8},"geometry":{"type":"Polygon","coordinates":[[[27.621471,44.140753],[27.615367,44.153815],[27.611095,44.175666],[27.616222,44.19361],[27.639049,44.189643],[27.66151,44.175055],[27.658458,44.153449],[27.637584,44.140692],[27.622081,44.137091],[27.621471,44.140753]]]}},{"type":"Feature","properties":{"n":"Lacul Erenciuc","a":1.4},"geometry":{"type":"Polygon","coordinates":[[[29.4014912,44.999163],[29.4004484,45.0002166],[29.3985141,45.005516],[29.399017,45.0099186],[29.4010585,45.0128931],[29.4043746,45.0150596],[29.4061205,45.015283],[29.4117017,45.0143359],[29.4150184,45.0129031],[29.4164804,45.0115925],[29.4189695,45.0067008],[29.4273561,45.00326],[29.4324056,44.9987213],[29.4333917,44.9947549],[29.430928,44.988655],[29.4308217,44.981514],[29.429402,44.9800466],[29.4272014,44.9797327],[29.4281487,44.9846859],[29.4271817,44.9876806],[29.4303461,44.9936578],[29.4291745,44.9971739],[29.4281236,44.9988453],[29.4235264,45.0029219],[29.4161112,45.0059683],[29.4141097,45.0106829],[29.4114966,45.0127813],[29.4090387,45.0137078],[29.4050633,45.0139513],[29.4029872,45.0126443],[29.40093,45.0102056],[29.4006209,45.0062203],[29.4019868,45.003082],[29.4017705,45.0009567],[29.4024282,45.000117],[29.4014912,44.999163]]]}},{"type":"Feature","properties":{"n":"Lacul Matița","a":7.0},"geometry":{"type":"Polygon","coordinates":[[[29.3659039,45.2772549],[29.3631968,45.2757706],[29.3648266,45.2774303],[29.3571435,45.2838286],[29.353908,45.2856702],[29.3534073,45.2868086],[29.3543511,45.2923846],[29.3538314,45.2930609],[29.3563094,45.2948991],[29.3563735,45.2959043],[29.3549423,45.2963201],[29.3545436,45.297908],[29.3580389,45.3024554],[29.3604447,45.3077939],[29.3630906,45.3092956],[29.3642804,45.3110937],[29.3686768,45.3118044],[29.3811639,45.3108152],[29.3850873,45.3088055],[29.3852908,45.3079854],[29.3861101,45.3083759],[29.3854901,45.3077099],[29.3866997,45.3058111],[29.385728,45.3005549],[29.3841075,45.2975326],[29.3844118,45.2968057],[29.3813355,45.2925939],[29.3806139,45.2927309],[29.3796617,45.2919072],[29.3791731,45.2905639],[29.377405,45.2900344],[29.3763867,45.2905362],[29.3774751,45.2864527],[29.3767789,45.2820203],[29.37719,45.2812293],[29.3746071,45.2785096],[29.3709242,45.2770009],[29.3659039,45.2772549]]]}},{"type":"Feature","properties":{"n":"Lacul Merheiu Mic","a":1.7},"geometry":{"type":"Polygon","coordinates":[[[29.4700323,45.3291578],[29.4719582,45.3299792],[29.4748374,45.3349754],[29.4839918,45.3406823],[29.4859999,45.3401591],[29.4859979,45.3392853],[29.4843264,45.3401526],[29.4841451,45.3392874],[29.486089,45.3374031],[29.4883728,45.3377449],[29.4892876,45.3354417],[29.4885807,45.3347368],[29.4897259,45.3338112],[29.4897223,45.3323451],[29.4857935,45.3286949],[29.4823042,45.3242288],[29.4826136,45.3236487],[29.4798766,45.3234586],[29.4799265,45.3241463],[29.4786938,45.3245498],[29.4779749,45.3240066],[29.4789197,45.3252355],[29.4781127,45.3254414],[29.4776958,45.3245588],[29.4765517,45.3244812],[29.4749842,45.3256183],[29.4731548,45.32495],[29.4737034,45.3245473],[29.4732756,45.3237672],[29.472077,45.3244071],[29.4726384,45.3247141],[29.4724042,45.3253372],[29.4705316,45.3254969],[29.4700323,45.3291578]]]}},{"type":"Feature","properties":{"n":"Lacul Isac","a":11.4},"geometry":{"type":"Polygon","coordinates":[[[29.2638768,45.101976],[29.2589944,45.1017546],[29.2570824,45.1010801],[29.2546497,45.1013903],[29.2467971,45.1048919],[29.2420659,45.1102912],[29.2412371,45.1141392],[29.2415395,45.1162463],[29.2428874,45.1179387],[29.2431255,45.1194708],[29.2427987,45.1206075],[29.240907,45.1217679],[29.2406271,45.1233911],[29.2438229,45.1244585],[29.2457176,45.1242737],[29.246256,45.12373],[29.2456131,45.1232595],[29.2468064,45.1227343],[29.2467459,45.1219811],[29.2484091,45.1215051],[29.2538195,45.124666],[29.2575014,45.1236224],[29.2613524,45.1256384],[29.2639434,45.125652],[29.2647969,45.1255192],[29.2653128,45.1245143],[29.2678288,45.1236954],[29.2674116,45.1227712],[29.2655169,45.1216222],[29.2800712,45.1223517],[29.2824841,45.1210048],[29.2877893,45.1205707],[29.2892118,45.1210963],[29.2901683,45.1204783],[29.2908528,45.1207817],[29.2907151,45.1203384],[29.2916165,45.1207509],[29.2944308,45.1200034],[29.2921225,45.1192843],[29.2919379,45.1184428],[29.2979983,45.1167564],[29.29773,45.1157558],[29.2986925,45.1145053],[29.2990507,45.1118683],[29.2973807,45.1110245],[29.296872,45.1100178],[29.2982756,45.102318],[29.2977941,45.0995539],[29.2956372,45.095988],[29.2926253,45.0940545],[29.2929144,45.0932443],[29.292378,45.0937431],[29.2869554,45.0921991],[29.284416,45.0925116],[29.2805209,45.0918417],[29.2769347,45.094455],[29.2740963,45.0992756],[29.2711438,45.100521],[29.2700831,45.1017976],[29.269401,45.1017032],[29.2696263,45.1010611],[29.2683416,45.100893],[29.2638768,45.101976]]]}},{"type":"Feature","properties":{"n":"Lacul Gorgovaț","a":1.4},"geometry":{"type":"Polygon","coordinates":[[[29.2063332,45.1267179],[29.1991568,45.1269323],[29.1980382,45.127726],[29.1987585,45.1291941],[29.1983473,45.1293209],[29.1991323,45.1294564],[29.1986551,45.1304441],[29.196658,45.1319758],[29.1964884,45.1328163],[29.1951364,45.1331867],[29.1995699,45.1355985],[29.1996594,45.136263],[29.208243,45.1380589],[29.2087227,45.1383953],[29.2084779,45.1393439],[29.2091602,45.1389207],[29.2096423,45.139851],[29.2142119,45.1383839],[29.2137147,45.1373086],[29.2143382,45.1365783],[29.2132202,45.1357439],[29.2147737,45.134363],[29.2146897,45.1337323],[29.2111129,45.1293025],[29.2063332,45.1267179]]]}},{"type":"Feature","properties":{"n":"Lacul Isacel","a":2.0},"geometry":{"type":"Polygon","coordinates":[[[29.2350119,45.1014998],[29.230939,45.1004709],[29.2316959,45.099261],[29.2301724,45.0990476],[29.2303606,45.0982818],[29.2287158,45.0983676],[29.2273701,45.1006619],[29.2290427,45.1002794],[29.2296397,45.1007302],[29.2267714,45.1013965],[29.2235636,45.1047642],[29.2217271,45.1054222],[29.218998,45.1079958],[29.2195765,45.1091223],[29.215409,45.110489],[29.2185379,45.1117922],[29.2194665,45.1111302],[29.2228062,45.1117703],[29.2230163,45.1112916],[29.2200971,45.1096388],[29.2211402,45.1100363],[29.2218993,45.1092728],[29.2237261,45.1094319],[29.2247021,45.1105293],[29.2234056,45.1121396],[29.2249848,45.1121878],[29.2258808,45.1152694],[29.2279786,45.1167091],[29.233486,45.1172136],[29.2373566,45.1162407],[29.2365353,45.1152657],[29.2374594,45.1161089],[29.2382079,45.1159087],[29.2390124,45.1119688],[29.2372243,45.1079464],[29.2366172,45.1035629],[29.2350119,45.1014998]]]}},{"type":"Feature","properties":{"n":"Gorgova","a":14.1},"geometry":{"type":"Polygon","coordinates":[[[29.1537762,45.1494923],[29.1551934,45.1496395],[29.1554394,45.1520296],[29.1577593,45.1528663],[29.1572975,45.1533807],[29.1580649,45.1532114],[29.1588055,45.1549172],[29.1581975,45.1552451],[29.1597247,45.1565593],[29.1591035,45.1569525],[29.1600983,45.1574178],[29.1609259,45.1594148],[29.16427,45.161501],[29.1678217,45.1652781],[29.1732933,45.1665563],[29.1736752,45.1659284],[29.1765104,45.1654147],[29.1773687,45.1673587],[29.1827085,45.1692371],[29.1865673,45.1697997],[29.1920583,45.1701701],[29.2024558,45.167249],[29.2056231,45.1653273],[29.2071118,45.1632818],[29.212185,45.1598175],[29.2141048,45.1573308],[29.2150729,45.1569494],[29.2144347,45.1565775],[29.2145237,45.1542801],[29.2137475,45.1520073],[29.2108368,45.1473349],[29.2091856,45.1464745],[29.2084995,45.1451741],[29.2081221,45.1440037],[29.2086015,45.1435435],[29.2076509,45.1429387],[29.2081418,45.1418973],[29.2066626,45.1391382],[29.1980473,45.1352741],[29.1923615,45.1336512],[29.1908735,45.1323437],[29.1888968,45.1325467],[29.1851843,45.131241],[29.1822363,45.131077],[29.1804055,45.1325651],[29.1789363,45.1328251],[29.1786259,45.1355428],[29.177447,45.1363783],[29.1773886,45.1358403],[29.1769414,45.1372129],[29.1775575,45.1369926],[29.1745298,45.1398349],[29.173343,45.1397772],[29.1733465,45.1380397],[29.1720014,45.1366989],[29.1692344,45.1363935],[29.1634279,45.1406126],[29.1609204,45.1411047],[29.1574808,45.1431477],[29.1540408,45.1438816],[29.1533598,45.1461439],[29.1523496,45.1463476],[29.1523943,45.147935],[29.1513118,45.1483687],[29.1536819,45.1489695],[29.1535731,45.1480546],[29.1542485,45.1481095],[29.154755,45.1491546],[29.1537762,45.1494923]]]}},{"type":"Feature","properties":{"n":"Lacul Merhei","a":13.3},"geometry":{"type":"Polygon","coordinates":[[[29.4700323,45.3291578],[29.4705316,45.3254969],[29.4694772,45.3254112],[29.4707979,45.3241167],[29.4700232,45.3236839],[29.4726114,45.3225852],[29.4722835,45.3213318],[29.4730235,45.3212759],[29.4738031,45.3187718],[29.4748465,45.319023],[29.4751316,45.321191],[29.4766079,45.3194154],[29.4753964,45.3192275],[29.4747431,45.3178641],[29.472155,45.3160774],[29.4707553,45.3170093],[29.4690834,45.3164433],[29.4686102,45.3153557],[29.4628103,45.3121664],[29.4633224,45.3117013],[29.4627011,45.3120462],[29.4588237,45.3106165],[29.450421,45.3104821],[29.4493008,45.3110271],[29.4469901,45.3104613],[29.4409623,45.3112257],[29.4403444,45.3106503],[29.4404173,45.3111199],[29.4263599,45.3122473],[29.4230448,45.3134089],[29.416624,45.3143989],[29.415225,45.3155282],[29.4091133,45.3178505],[29.4047622,45.3181877],[29.4035389,45.3175225],[29.4041352,45.3181483],[29.4027433,45.3182415],[29.4003204,45.3198325],[29.3963885,45.3202028],[29.3954691,45.3210937],[29.3954579,45.3220768],[29.3946337,45.3224552],[29.3945985,45.3233794],[29.3923294,45.3253715],[29.3882989,45.3313424],[29.3890488,45.3324665],[29.3884202,45.3332538],[29.3884677,45.3357728],[29.3894619,45.3366212],[29.3889869,45.3370787],[29.3914521,45.3375651],[29.3913604,45.3358535],[29.3919401,45.3353342],[29.3908332,45.3328147],[29.397313,45.3324733],[29.3988303,45.3318005],[29.4017037,45.3330514],[29.4027072,45.3324628],[29.4049065,45.3327727],[29.4076302,45.3314271],[29.4084769,45.329511],[29.4092308,45.3304685],[29.4080015,45.3322335],[29.4057521,45.3338613],[29.4063265,45.3346424],[29.4051075,45.3347522],[29.4046285,45.3338198],[29.4035767,45.333711],[29.4005297,45.3346198],[29.3993115,45.3357293],[29.3966608,45.3354856],[29.395368,45.3368232],[29.3956444,45.3387035],[29.3979994,45.3390134],[29.3983232,45.34024],[29.3991124,45.3406429],[29.3999009,45.3400797],[29.4012289,45.3415494],[29.4014668,45.3401882],[29.4025302,45.3397173],[29.4026598,45.3375243],[29.4039618,45.3365911],[29.4052767,45.3367165],[29.4041163,45.3361995],[29.4042593,45.3357878],[29.4059449,45.3360055],[29.4072132,45.3373828],[29.4077622,45.3365423],[29.4104634,45.3365074],[29.4119699,45.3370191],[29.413059,45.338262],[29.4167524,45.3381087],[29.4178318,45.337769],[29.4181653,45.3366933],[29.417184,45.3356941],[29.4147209,45.3348721],[29.4137986,45.333041],[29.4145267,45.3321752],[29.4193065,45.3314667],[29.4168072,45.330191],[29.4169612,45.3286356],[29.4200667,45.3271298],[29.4224566,45.3269099],[29.4236024,45.3257582],[29.4238276,45.3242961],[29.4295873,45.3241327],[29.4353123,45.3275735],[29.4349697,45.3303128],[29.4365313,45.3317952],[29.4378111,45.3323908],[29.4411688,45.3319093],[29.4446254,45.3334862],[29.445788,45.3354681],[29.447986,45.3347437],[29.4498658,45.3365569],[29.4497716,45.3374056],[29.4512776,45.3392512],[29.4535017,45.3397198],[29.4529985,45.3390648],[29.4549093,45.3380885],[29.4548232,45.3367443],[29.4572588,45.3353221],[29.4577139,45.3358006],[29.4602833,45.3356302],[29.4620871,45.3364839],[29.4633539,45.3363818],[29.4630302,45.3358612],[29.464057,45.3353225],[29.4659696,45.3354298],[29.4675697,45.3346804],[29.4692022,45.3322842],[29.4685763,45.3301507],[29.4700323,45.3291578]]]}},{"type":"Feature","properties":{"n":"Lacul Roșuleț","a":4.2},"geometry":{"type":"Polygon","coordinates":[[[29.6278995,45.0628],[29.6258864,45.0606597],[29.6225697,45.0600841],[29.6206907,45.0605812],[29.617716,45.0639102],[29.6133897,45.0655518],[29.6100048,45.0651148],[29.608938,45.0657557],[29.6020371,45.0662937],[29.6005431,45.0670617],[29.5985337,45.0664359],[29.5905494,45.0685737],[29.5911829,45.069213],[29.5925759,45.0691997],[29.5933813,45.0703638],[29.5941821,45.0689809],[29.5956434,45.0689494],[29.5964821,45.0695945],[29.5965786,45.0709162],[29.5952878,45.0718456],[29.5959466,45.0722494],[29.5951688,45.0721837],[29.5961444,45.072889],[29.5980922,45.0724346],[29.5973774,45.0745712],[29.5980112,45.0755668],[29.5975207,45.0761172],[29.5981402,45.0762699],[29.5975554,45.0775996],[29.5977516,45.0796256],[29.5985598,45.0753505],[29.599102,45.0751336],[29.5985017,45.075017],[29.5989561,45.0722803],[29.6013912,45.0739324],[29.6001556,45.0753535],[29.6000645,45.0769863],[29.5991528,45.0775687],[29.5995901,45.0792587],[29.6013234,45.0777018],[29.6022497,45.0780165],[29.6024706,45.076718],[29.6008695,45.0773507],[29.6016003,45.075601],[29.6039433,45.0748136],[29.6056624,45.0758307],[29.6038897,45.076761],[29.6055752,45.0769171],[29.6059215,45.0776831],[29.6053668,45.0780393],[29.609485,45.0784047],[29.6129127,45.0800922],[29.6158043,45.0828658],[29.61673,45.0828693],[29.6179511,45.0807538],[29.619915,45.0806443],[29.6208238,45.0816665],[29.6200103,45.0832812],[29.6203522,45.0848417],[29.6222627,45.0855382],[29.6240163,45.0846166],[29.6244902,45.0852472],[29.6248402,45.0844135],[29.6241688,45.0839545],[29.624551,45.0835619],[29.6254907,45.0840972],[29.6253681,45.0835564],[29.6258421,45.084205],[29.6249163,45.0841745],[29.6252493,45.0846204],[29.6269217,45.0844967],[29.626278,45.0849347],[29.6265157,45.0860293],[29.6259081,45.0861537],[29.6268541,45.0868242],[29.6267949,45.0850348],[29.6281281,45.0846296],[29.6283625,45.0835964],[29.6259841,45.0827457],[29.6258976,45.0810123],[29.6242671,45.079646],[29.6262917,45.0774725],[29.6254846,45.07569],[29.6220949,45.0740887],[29.6222129,45.0731778],[29.6244568,45.0717981],[29.6318226,45.0696701],[29.6315746,45.0666341],[29.6295062,45.0648356],[29.6302122,45.0640619],[29.6278995,45.0628]]]}},{"type":"Feature","properties":{"n":"Lacul Puiu","a":8.7},"geometry":{"type":"Polygon","coordinates":[[[29.4792676,45.0416579],[29.4778049,45.0386945],[29.4752891,45.0373953],[29.4709811,45.0320514],[29.4669127,45.0323155],[29.463629,45.0336261],[29.4624863,45.0349373],[29.4623424,45.0372575],[29.4640464,45.0424131],[29.4632245,45.0443967],[29.4654769,45.0511963],[29.4642594,45.0566382],[29.4650607,45.0612535],[29.4674613,45.0648412],[29.4707224,45.0678468],[29.4742917,45.0697438],[29.4744851,45.0720041],[29.4728999,45.0734217],[29.4757567,45.0743169],[29.4748744,45.0733941],[29.4754148,45.072262],[29.4749799,45.0717173],[29.4756606,45.0713077],[29.4746397,45.0708882],[29.4747258,45.0697177],[29.4772207,45.0703192],[29.4822678,45.0703167],[29.4893736,45.0697653],[29.4909449,45.0689204],[29.4984618,45.0692101],[29.5032286,45.0677092],[29.5054421,45.0658048],[29.5063164,45.0635475],[29.5057267,45.060912],[29.5046372,45.059357],[29.5016913,45.0575289],[29.5012448,45.0563184],[29.4939146,45.0520966],[29.4942614,45.051433],[29.4930634,45.0514369],[29.4915516,45.0495724],[29.4867219,45.0474005],[29.4860795,45.0457612],[29.4819751,45.0426337],[29.4792676,45.0416579]]]}},{"type":"Feature","properties":{"n":"Lacul Puiuleț","a":5.2},"geometry":{"type":"Polygon","coordinates":[[[29.4209304,45.0834336],[29.4144613,45.0934268],[29.4160464,45.0947693],[29.4145189,45.0950003],[29.4145793,45.0967375],[29.4165024,45.0983743],[29.4178221,45.0983999],[29.4173178,45.0990408],[29.4179562,45.100599],[29.4175512,45.1010742],[29.4188078,45.1017718],[29.4198022,45.1003126],[29.4206813,45.1008929],[29.4236907,45.0998483],[29.425347,45.1002014],[29.4280915,45.0954489],[29.4308656,45.093334],[29.430993,45.0905135],[29.4335747,45.088155],[29.4353342,45.0882895],[29.4368,45.0900458],[29.438404,45.0903602],[29.439438,45.0894768],[29.4429597,45.0891587],[29.4457011,45.0867733],[29.4500454,45.0857857],[29.4507866,45.0850346],[29.4508834,45.0837042],[29.4529037,45.0839638],[29.4541552,45.0833449],[29.4490468,45.078092],[29.4440085,45.075911],[29.4417754,45.0741891],[29.4411814,45.0713385],[29.4433111,45.0676351],[29.4428873,45.0662825],[29.4398189,45.0650625],[29.4357095,45.0652353],[29.4337461,45.0664128],[29.4333574,45.0732658],[29.4307396,45.0752538],[29.4284225,45.0759333],[29.4275075,45.0776384],[29.4276363,45.0793193],[29.424997,45.0803203],[29.4209304,45.0834336]]]}},{"type":"Feature","properties":{"n":"Lacul Lumina","a":16.7},"geometry":{"type":"Polygon","coordinates":[[[29.5070872,45.0793329],[29.5046109,45.076867],[29.5035865,45.0771009],[29.5027399,45.0764974],[29.5035663,45.0758699],[29.4991173,45.0741136],[29.4886427,45.0747376],[29.4803974,45.0735821],[29.4707134,45.0757543],[29.4681879,45.0730176],[29.465138,45.0720383],[29.4630903,45.0701747],[29.4624189,45.0686977],[29.4599765,45.067596],[29.4583754,45.0660772],[29.4563532,45.0661336],[29.4549177,45.0681463],[29.4570699,45.0700778],[29.4568961,45.070706],[29.4582093,45.0711917],[29.4579276,45.0740248],[29.4600868,45.0759884],[29.4625043,45.0826499],[29.4620458,45.0843868],[29.4639532,45.087812],[29.4663975,45.0910302],[29.4679872,45.0909271],[29.469116,45.0919293],[29.4699747,45.0918776],[29.4697792,45.0927377],[29.470542,45.09234],[29.4724286,45.0927873],[29.475995,45.0955334],[29.477661,45.0990031],[29.4774326,45.1007586],[29.4782712,45.1024237],[29.4778474,45.1026615],[29.481938,45.104574],[29.4831209,45.1058347],[29.4833394,45.1068134],[29.4827072,45.1078057],[29.4873025,45.1114569],[29.4864764,45.1123887],[29.487019,45.113527],[29.489217,45.1143133],[29.4916985,45.1125651],[29.4916812,45.1119579],[29.4944027,45.1109699],[29.4956912,45.1118083],[29.4943411,45.1112141],[29.4943884,45.1119535],[29.497212,45.1129533],[29.4967308,45.112517],[29.498419,45.1113372],[29.4969346,45.1107823],[29.4962294,45.111393],[29.4950861,45.1111679],[29.4960991,45.1095533],[29.4958321,45.108329],[29.4942344,45.1069362],[29.4938558,45.1055858],[29.4960575,45.1032344],[29.494779,45.1021207],[29.4970178,45.10147],[29.4972794,45.1005067],[29.4985153,45.100037],[29.5011057,45.1011491],[29.506112,45.1049001],[29.502663,45.1057922],[29.5017772,45.108443],[29.500716,45.1079371],[29.5004726,45.1071139],[29.4998986,45.1082963],[29.500459,45.1096273],[29.4991898,45.1109263],[29.4982458,45.110769],[29.4986299,45.1110869],[29.4985305,45.1115212],[29.4979315,45.1118733],[29.4982696,45.1123342],[29.496484,45.1141739],[29.4990986,45.1164158],[29.5013185,45.1167208],[29.5024121,45.116068],[29.5018414,45.1146859],[29.5025527,45.1135428],[29.503304,45.114674],[29.5043465,45.1149609],[29.5057063,45.1173551],[29.5087106,45.1175641],[29.510246,45.1185808],[29.5151359,45.1194503],[29.5160724,45.1184333],[29.5173247,45.1194176],[29.5180886,45.1191335],[29.5180004,45.1172969],[29.520276,45.1172333],[29.5189742,45.1166327],[29.5165743,45.1137418],[29.5129259,45.1123999],[29.512696,45.1113605],[29.5150254,45.109968],[29.5135283,45.1084456],[29.5136679,45.1078358],[29.515888,45.108],[29.5161623,45.1062599],[29.5181783,45.1023663],[29.5198639,45.1007004],[29.52235,45.1019855],[29.5224063,45.1024704],[29.5231255,45.1029404],[29.5223635,45.1033855],[29.5226673,45.1036877],[29.5247812,45.1033969],[29.522543,45.1023243],[29.5223126,45.1009493],[29.5208243,45.0997562],[29.5225335,45.0980287],[29.5254079,45.0973749],[29.5261694,45.0962657],[29.5276236,45.0961654],[29.5279209,45.0955044],[29.5286613,45.0960032],[29.5281538,45.0967938],[29.5292511,45.0964153],[29.5287356,45.0941888],[29.5266254,45.0939452],[29.5276947,45.0935615],[29.5275888,45.0913328],[29.5284454,45.0916006],[29.5286687,45.0900409],[29.5309342,45.0891655],[29.5336819,45.0893933],[29.5348741,45.0906764],[29.5382178,45.0914333],[29.5420184,45.0875752],[29.5384441,45.0865292],[29.5329023,45.0865364],[29.5288443,45.0873103],[29.5275457,45.0860621],[29.5288164,45.0836363],[29.527041,45.0813023],[29.5230345,45.0828486],[29.5167505,45.0840359],[29.5095794,45.0837932],[29.5070872,45.0793329]]]}},{"type":"Feature","properties":{"n":"Lacul Razim","a":392.0},"geometry":{"type":"Polygon","coordinates":[[[28.9784226,45.0026669],[28.9798442,45.0019424],[28.9816979,45.0023575],[28.9820248,45.0010757],[28.9839774,44.9999131],[28.9887082,45.0008998],[28.9901948,45.0005257],[28.992421,45.0018438],[28.9954345,45.0013061],[28.9958999,45.0020467],[28.9964926,45.0005901],[28.9985606,45.0007039],[29.0032303,45.002316],[29.0078491,45.00206],[29.0090078,45.0010567],[29.0108478,45.0007646],[29.0138639,45.00294],[29.0210751,45.0021074],[29.0328097,45.0019671],[29.0373856,45.0004308],[29.0392792,45.0009296],[29.0483223,44.9985712],[29.0549245,44.9979975],[29.0598115,44.9963246],[29.0851343,44.9910761],[29.094345,44.9871987],[29.0983629,44.9833931],[29.1004282,44.9793179],[29.1003652,44.9762565],[29.101599,44.9762299],[29.1020362,44.9735631],[29.1000581,44.9694321],[29.1001224,44.9631222],[29.096472,44.9570621],[29.0864217,44.9519239],[29.0834793,44.9519638],[29.0801159,44.9511969],[29.0793461,44.9504271],[29.0692583,44.9486703],[29.0650123,44.9472257],[29.0576389,44.9460373],[29.0514001,44.9458398],[29.0496138,44.9450966],[29.0490639,44.9454602],[29.0412104,44.9420837],[29.0394723,44.9405117],[29.0394857,44.936704],[29.0370007,44.9323055],[29.0366989,44.9283776],[29.0340731,44.9214383],[29.0327977,44.9153482],[29.0335849,44.9124848],[29.0330136,44.9086647],[29.03355,44.9066321],[29.0330029,44.9029352],[29.0332416,44.8954855],[29.0347852,44.8922995],[29.0344244,44.8914154],[29.034977,44.8894259],[29.0375465,44.8860205],[29.0373051,44.8842227],[29.0377825,44.8826301],[29.0385,44.8822899],[29.0381205,44.8812085],[29.0411031,44.874256],[29.0426427,44.8672645],[29.0419775,44.8640898],[29.042003,44.8586685],[29.0412533,44.8568575],[29.0420526,44.8527771],[29.0439194,44.8509117],[29.0466459,44.8508081],[29.0489298,44.8483807],[29.0512365,44.8440582],[29.0550238,44.8403059],[29.0572768,44.8370574],[29.0615979,44.8286138],[29.06461,44.8249004],[29.0673324,44.8243069],[29.07024,44.825551],[29.0721872,44.8278224],[29.0741855,44.8324905],[29.0761207,44.8338001],[29.088605,44.8346018],[29.0957102,44.8362091],[29.0981564,44.8379646],[29.0987223,44.839857],[29.0948009,44.8436987],[29.0930991,44.8464287],[29.089281,44.848105],[29.0882631,44.8498421],[29.08682,44.850462],[29.0859671,44.8526411],[29.0848795,44.8532715],[29.085082,44.8541927],[29.0838703,44.8569887],[29.0827095,44.8580639],[29.0826935,44.8603359],[29.0844463,44.8643341],[29.0847346,44.8667132],[29.0885487,44.8704695],[29.0893051,44.8725281],[29.0901178,44.87278],[29.0910485,44.8719113],[29.0928952,44.8729682],[29.0960361,44.8719864],[29.0963607,44.872493],[29.0975663,44.8722544],[29.0974684,44.8714988],[29.0982462,44.870843],[29.0978761,44.8698688],[29.0989986,44.8687927],[29.0993915,44.8692282],[29.1011015,44.8686921],[29.1014173,44.8676038],[29.1081811,44.8631592],[29.1086733,44.8618179],[29.1134933,44.8560742],[29.1213763,44.8485119],[29.1279531,44.8445973],[29.1299942,44.8423922],[29.1379791,44.8365666],[29.139744,44.8335195],[29.1384914,44.832188],[29.1368043,44.8320644],[29.1399519,44.8306406],[29.1417021,44.8277311],[29.1453418,44.825356],[29.1471711,44.8224196],[29.1471067,44.8210232],[29.1445559,44.8186279],[29.1444594,44.8154086],[29.1418013,44.8129674],[29.1414955,44.8105641],[29.1390574,44.8078696],[29.1389742,44.80423],[29.1373877,44.8013535],[29.1376761,44.7977868],[29.1360909,44.7938012],[29.1352379,44.7921528],[29.1308767,44.7885723],[29.1269177,44.7868742],[29.1259997,44.7852176],[29.1183051,44.7830401],[29.1098884,44.7793543],[29.095265,44.7742954],[29.0929596,44.7727845],[29.0860113,44.7711746],[29.0683892,44.7655208],[29.0654133,44.7635165],[29.0638885,44.7634736],[29.0628894,44.7622196],[29.0583658,44.7610626],[29.0459204,44.7548424],[29.0347972,44.7513336],[29.0329204,44.7501121],[29.0318187,44.7503545],[29.0288944,44.748472],[29.0102208,44.7442524],[29.0069747,44.7444968],[29.0060802,44.7438333],[29.0028267,44.743438],[29.0004154,44.7439452],[28.9974696,44.7427193],[28.9946151,44.7430784],[28.9921485,44.7420344],[28.9883736,44.7416906],[28.9828858,44.7422059],[28.9817204,44.7415181],[28.9808339,44.742143],[28.9777943,44.7418749],[28.9766711,44.742385],[28.975094,44.7416368],[28.9726639,44.7422183],[28.9594674,44.7463218],[28.9398497,44.7541279],[28.9425454,44.7564173],[28.9393267,44.7603998],[28.9297995,44.7660112],[28.9221431,44.7685849],[28.9190841,44.7704148],[28.91976,44.7712165],[28.9180165,44.7748819],[28.9162436,44.7762718],[28.9154309,44.7784785],[28.914299,44.7790497],[28.9134635,44.7819436],[28.9166191,44.7870018],[28.9166191,44.7884799],[28.9183733,44.7904035],[28.921718,44.7917683],[28.9313029,44.793666],[28.9371756,44.7932654],[28.9418963,44.7963175],[28.9429933,44.7991776],[28.9425212,44.8021718],[28.9430818,44.8045621],[28.9440769,44.8051026],[28.9461301,44.8048895],[28.9465392,44.8063129],[28.9468235,44.8110664],[28.9448708,44.8140729],[28.9464989,44.8151765],[28.9459491,44.8160003],[28.9474511,44.8206218],[28.9470126,44.8212696],[28.9497605,44.8237285],[28.9514154,44.824208],[28.9522214,44.8259325],[28.9481109,44.8262397],[28.9460886,44.8301089],[28.9440501,44.8302744],[28.9434486,44.831499],[28.9415174,44.8313615],[28.9404801,44.8304651],[28.9355569,44.8303268],[28.9340173,44.8314262],[28.9322001,44.8315851],[28.9266211,44.8338163],[28.9254919,44.8351572],[28.9216322,44.8374834],[28.9212111,44.8385666],[28.918608,44.8398485],[28.9176062,44.8425386],[28.9155811,44.8433944],[28.9145592,44.8457307],[28.9140871,44.8450604],[28.912451,44.8455501],[28.910051,44.844697],[28.909769,44.846],[28.91019,44.845764],[28.910448,44.84706],[28.906472,44.84902],[28.90221,44.852344],[28.899514,44.856906],[28.893997,44.859198],[28.89332,44.861688],[28.891424,44.863272],[28.888352,44.864331],[28.886687,44.867571],[28.879673,44.868051],[28.8815868,44.8690324],[28.8807392,44.8696559],[28.8783883,44.8696331],[28.8784191,44.8710246],[28.876909,44.8711918],[28.8758844,44.87207],[28.8728495,44.8722696],[28.872773,44.8735413],[28.8659146,44.8774187],[28.8618779,44.8815506],[28.8592815,44.8867844],[28.8599628,44.8889698],[28.8647492,44.894621],[28.8643348,44.8952271],[28.8622387,44.8951178],[28.861945,44.8964374],[28.8652897,44.9003381],[28.864764,44.9011712],[28.8652897,44.9031726],[28.861367,44.9064041],[28.8620308,44.9066701],[28.861776,44.9075477],[28.8605422,44.9072172],[28.8579364,44.9088599],[28.8588189,44.9092004],[28.8587612,44.9099318],[28.856146,44.9104751],[28.8555492,44.9114429],[28.856999,44.9115996],[28.8571036,44.9122435],[28.8546816,44.9127716],[28.8562989,44.9138068],[28.8559985,44.9145286],[28.8568944,44.9177955],[28.8590267,44.9188041],[28.8588698,44.9207138],[28.8574415,44.9209407],[28.8572699,44.9215979],[28.8596007,44.9223765],[28.8587826,44.9237135],[28.8574442,44.9239851],[28.857206,44.9246912],[28.8579082,44.9253487],[28.8557263,44.925586],[28.8544321,44.9274414],[28.8552877,44.9291619],[28.8579082,44.9288466],[28.8582784,44.9298265],[28.857294,44.9309696],[28.8592735,44.931057],[28.8590991,44.9318374],[28.8577527,44.9319761],[28.8574845,44.933047],[28.8592494,44.9327451],[28.8598341,44.9334154],[28.8597,44.9359236],[28.8581604,44.9356711],[28.8567227,44.9366186],[28.8589288,44.9420837],[28.8608138,44.9422332],[28.8591877,44.9428612],[28.8585439,44.9439851],[28.8587934,44.9452599],[28.8572404,44.9490727],[28.8572822,44.950886],[28.8616928,44.9538904],[28.8638916,44.9536346],[28.8665235,44.9549552],[28.8688919,44.9546553],[28.8688195,44.9556348],[28.8696134,44.9562307],[28.8739049,44.9569938],[28.8771826,44.958645],[28.8814339,44.9596699],[28.8913822,44.964889],[28.8912642,44.9665875],[28.896575,44.968415],[28.8991016,44.9703733],[28.8999733,44.9720432],[28.9012849,44.9719122],[28.9035541,44.9735612],[28.9095314,44.9749606],[28.9111716,44.9765477],[28.913957,44.9769358],[28.9149173,44.9779224],[28.9208986,44.9795493],[28.9215986,44.979186],[28.9278468,44.9804866],[28.9327526,44.9823212],[28.9339207,44.9833428],[28.9462964,44.9851878],[28.952381,44.9852447],[28.9531485,44.9860694],[28.9569086,44.9870678],[28.9603525,44.9887675],[28.9614737,44.9900062],[28.9634424,44.9904899],[28.9647996,44.9921032],[28.9667684,44.9929748],[28.9672995,44.9955033],[28.966476,44.9974816],[28.9684461,44.998684],[28.9687103,44.9996532],[28.9755245,45.0023227],[28.9784226,45.0026669]]]}},{"type":"Feature","properties":{"n":"Lacul Sinoe","a":141.0},"geometry":{"type":"Polygon","coordinates":[[[28.9274759,44.6132465],[28.9271604,44.612195],[28.9224521,44.6057393],[28.9211921,44.6050031],[28.9210101,44.6037658],[28.9155169,44.595907],[28.9149436,44.5958483],[28.9152018,44.5953838],[28.9008808,44.5723308],[28.8980219,44.5714135],[28.898663,44.5708754],[28.8974482,44.5703664],[28.8989971,44.5681679],[28.8972847,44.5659299],[28.8958253,44.5668923],[28.8932628,44.5668069],[28.8923013,44.565842],[28.8931821,44.5650322],[28.8919459,44.5646903],[28.8914279,44.5650153],[28.892238,44.5656038],[28.8918021,44.5666877],[28.889159,44.5666704],[28.891256,44.5679],[28.8974197,44.568627],[28.8972844,44.5709066],[28.8953676,44.5727544],[28.8941117,44.5731386],[28.8841067,44.5681965],[28.8752637,44.5674205],[28.8685657,44.5644475],[28.8551373,44.5624725],[28.8502547,44.5578435],[28.8472187,44.5569705],[28.8445339,44.5543879],[28.845984,44.5538778],[28.8469674,44.5545473],[28.8494667,44.5545703],[28.8533045,44.5538398],[28.8528553,44.5532611],[28.850447,44.552859],[28.84996,44.55158],[28.84754,44.551057],[28.846481,44.552784],[28.845487,44.552795],[28.841992,44.551111],[28.838332,44.545383],[28.832214,44.541086],[28.831313,44.539863],[28.832096,44.538563],[28.82687,44.536604],[28.825987,44.534292],[28.813326,44.52504],[28.810445,44.523637],[28.805351,44.518323],[28.797792,44.513021],[28.794445,44.509087],[28.786051,44.501686],[28.78247,44.497004],[28.778299,44.493807],[28.772884,44.488343],[28.771062,44.485884],[28.7715846,44.4803417],[28.771078,44.475584],[28.7672407,44.4670755],[28.76632,44.463095],[28.758289,44.462179],[28.756078,44.463266],[28.752466,44.468321],[28.750616,44.469272],[28.750287,44.471958],[28.752997,44.482257],[28.7516316,44.4888345],[28.7522756,44.4938094],[28.7501259,44.4961438],[28.7501273,44.497022],[28.751785,44.498667],[28.756241,44.506797],[28.756233,44.511976],[28.765074,44.522624],[28.7653839,44.523582],[28.762451,44.521774],[28.761679,44.522007],[28.763751,44.526681],[28.764972,44.527985],[28.765571,44.526131],[28.766141,44.526685],[28.767243,44.532341],[28.770479,44.537412],[28.7720258,44.538717],[28.7724708,44.541158],[28.7764415,44.5474949],[28.7750602,44.5497164],[28.7755614,44.5509601],[28.7749855,44.5517743],[28.7759382,44.5523587],[28.774217,44.5541522],[28.7726906,44.5576069],[28.7737279,44.5595383],[28.771824,44.5607724],[28.7726276,44.561481],[28.772692,44.562633],[28.7716316,44.5630516],[28.7692378,44.5622451],[28.7695479,44.5635442],[28.7684369,44.5641209],[28.7670935,44.5638978],[28.7678423,44.565191],[28.7672147,44.5652718],[28.7695016,44.5673476],[28.7705078,44.5670721],[28.7698015,44.5662287],[28.7701369,44.5657227],[28.7715054,44.5652905],[28.77415,44.5676793],[28.778605,44.568548],[28.7828549,44.5709921],[28.785873,44.571694],[28.7925571,44.5721832],[28.7936608,44.5711268],[28.7964128,44.5716285],[28.7980348,44.5710397],[28.7987592,44.5718612],[28.7986405,44.5742689],[28.7995432,44.576459],[28.7959975,44.5771068],[28.7911653,44.5746095],[28.7914428,44.5767745],[28.7908334,44.577615],[28.7888537,44.5775392],[28.7890097,44.5781537],[28.7926083,44.5808423],[28.7914167,44.5822398],[28.7920585,44.5826987],[28.7950348,44.5816061],[28.8001474,44.5833444],[28.8028464,44.5829509],[28.8035212,44.5838812],[28.7988817,44.5851205],[28.7992327,44.5860666],[28.8010354,44.5864544],[28.8009545,44.5853853],[28.8016495,44.5854155],[28.8049399,44.5867931],[28.8047905,44.5876446],[28.8036842,44.5871169],[28.8027574,44.5878194],[28.8009335,44.5872313],[28.7971789,44.5872596],[28.7921036,44.5881313],[28.7914688,44.5887425],[28.7889901,44.5870749],[28.7886626,44.5855798],[28.7881456,44.5869681],[28.7873389,44.5869893],[28.7780374,44.5936266],[28.7824943,44.5949399],[28.7848189,44.5980951],[28.787716,44.598711],[28.7900459,44.6006882],[28.7933611,44.601008],[28.7959649,44.6023668],[28.7980343,44.6018649],[28.7979058,44.603032],[28.798889,44.6035567],[28.801735,44.602687],[28.8056626,44.6033152],[28.8063449,44.6043061],[28.8054547,44.605149],[28.8060543,44.6068947],[28.811001,44.6076855],[28.812857,44.6072748],[28.8140316,44.6079492],[28.8163727,44.6077489],[28.8207497,44.6088759],[28.8217554,44.6108299],[28.8209639,44.6113465],[28.8192391,44.6109076],[28.8190452,44.6100648],[28.81735,44.6110217],[28.8152717,44.6100994],[28.8125455,44.6102375],[28.8110788,44.6095469],[28.8096217,44.6098505],[28.8065453,44.6087537],[28.8039202,44.6086976],[28.8075577,44.6108982],[28.8101153,44.6116735],[28.8109572,44.6131928],[28.8151423,44.6157507],[28.8147388,44.6165261],[28.8157259,44.6172173],[28.8172025,44.6169301],[28.8197962,44.6192362],[28.8221505,44.6192583],[28.8224076,44.6200436],[28.8234994,44.6203819],[28.8231033,44.6208175],[28.8245332,44.6208406],[28.8250837,44.6216147],[28.8283626,44.6225475],[28.8295388,44.624],[28.8329292,44.6248065],[28.8335522,44.6257934],[28.8348657,44.6261477],[28.8352915,44.6271853],[28.8381101,44.6283693],[28.8347044,44.6350819],[28.835625,44.6347333],[28.8378471,44.6299511],[28.83874,44.6291914],[28.8429158,44.6329371],[28.850253,44.636606],[28.8486505,44.6382853],[28.8515,44.636954],[28.8541922,44.6373954],[28.8552704,44.6390765],[28.8541064,44.6392606],[28.8540058,44.6399457],[28.8514657,44.6400939],[28.8519795,44.6407381],[28.8515052,44.6412596],[28.8637476,44.6479626],[28.8640987,44.6487326],[28.8670866,44.6496025],[28.870415,44.651971],[28.8663014,44.6510277],[28.8658086,44.6515546],[28.8693221,44.6527713],[28.8715052,44.6519384],[28.8711625,44.6535059],[28.8734964,44.6553905],[28.8760262,44.6560753],[28.8761488,44.6550937],[28.8784454,44.6552122],[28.8791587,44.6559043],[28.8786648,44.6564444],[28.8790642,44.6572139],[28.8810626,44.6573214],[28.8809697,44.6560263],[28.8822293,44.6559946],[28.8828535,44.6569108],[28.8817421,44.6579058],[28.8835584,44.6590511],[28.8832304,44.6595424],[28.88194,44.6592912],[28.8822906,44.6608269],[28.8937975,44.6647245],[28.8855473,44.6645173],[28.8869798,44.6649789],[28.8880767,44.6664005],[28.8948873,44.6680828],[28.8952992,44.6687862],[28.894829,44.6690091],[28.89651,44.6697546],[28.8961465,44.6704752],[28.8970733,44.6708852],[28.8971579,44.6721217],[28.9033861,44.674931],[28.9054024,44.6749625],[28.9128196,44.6778644],[28.9181194,44.6782451],[28.9189374,44.6794493],[28.9206125,44.6802211],[28.925348,44.6804198],[28.9267337,44.6814502],[28.9265845,44.6819861],[28.9249403,44.6826606],[28.9240078,44.6821568],[28.9229735,44.6837735],[28.9241044,44.684383],[28.9293676,44.6856402],[28.9335943,44.6841569],[28.9357715,44.684177],[28.9380798,44.6860345],[28.9370515,44.6878191],[28.9381783,44.688538],[28.9387578,44.6882698],[28.9387217,44.687111],[28.9399491,44.6864421],[28.9372125,44.6845823],[28.9379419,44.683706],[28.9368452,44.6828904],[28.9348629,44.6830581],[28.9335401,44.6819819],[28.9352617,44.6793976],[28.9376531,44.6796475],[28.936767,44.6760518],[28.9385928,44.6752693],[28.936513,44.6746014],[28.933587,44.675461],[28.9331718,44.674859],[28.9338427,44.6741052],[28.9354395,44.6739525],[28.9358689,44.6730746],[28.9325675,44.6722873],[28.936905,44.6702402],[28.9373792,44.6675695],[28.9392022,44.6667996],[28.9386809,44.6656266],[28.9399379,44.6643433],[28.9419007,44.6640057],[28.9426771,44.662613],[28.9437978,44.6636971],[28.946487,44.6636399],[28.9498263,44.6648291],[28.9486916,44.6654839],[28.942162,44.6656231],[28.9405496,44.6663779],[28.9393591,44.6680702],[28.940653,44.670884],[28.9401229,44.672449],[28.9412129,44.6756944],[28.9410083,44.6770529],[28.9420511,44.6780308],[28.9460703,44.6786102],[28.945986,44.6769486],[28.9469693,44.6761534],[28.9489836,44.6765617],[28.949526,44.6753422],[28.9513355,44.674342],[28.9517383,44.6731631],[28.9525444,44.6727894],[28.9541736,44.6698199],[28.9543851,44.6673319],[28.9559375,44.665684],[28.9555281,44.6646846],[28.9503815,44.6643002],[28.9496728,44.6636655],[28.9500746,44.663231],[28.9565918,44.6625263],[28.9635651,44.6645462],[28.9623449,44.6662807],[28.9614004,44.6666078],[28.9610662,44.6680093],[28.9604363,44.6683695],[28.9594478,44.667878],[28.9592313,44.6687433],[28.9593601,44.6693158],[28.9609763,44.6695777],[28.9619448,44.6712685],[28.9641692,44.6720147],[28.9659519,44.6746871],[28.9660667,44.6769833],[28.9696845,44.6762454],[28.9684665,44.6747432],[28.9693603,44.6743707],[28.9694945,44.6748044],[28.9698824,44.6740372],[28.9713711,44.6735672],[28.9722438,44.6742699],[28.9724556,44.6755795],[28.9709644,44.6758123],[28.9735598,44.6774995],[28.9743735,44.6768574],[28.9782769,44.6762235],[28.9780255,44.6752975],[28.9788449,44.6745853],[28.9807974,44.6749039],[28.9822018,44.6733942],[28.9817549,44.6719056],[28.9398906,44.6303284],[28.9295386,44.6153664],[28.9285609,44.6155474],[28.9297322,44.6134308],[28.9290667,44.610869],[28.9281609,44.6104961],[28.9284813,44.609746],[28.9277911,44.6101934],[28.9284927,44.6121291],[28.9274759,44.6132465]]]}},{"type":"Feature","properties":{"n":"Lacul Golovița","a":77.1},"geometry":{"type":"Polygon","coordinates":[[[28.9749974,44.741551],[28.9746876,44.7386847],[28.9757854,44.7356468],[28.9767064,44.7275058],[28.9805144,44.7151648],[28.9865764,44.7068258],[28.9940624,44.6995458],[28.9991774,44.6927298],[28.9989864,44.6912438],[28.9944624,44.6870868],[28.9931514,44.6877298],[28.9915444,44.6916608],[28.9906384,44.6906498],[28.9924584,44.6851888],[28.9857464,44.6795748],[28.9804274,44.6826848],[28.9781764,44.6826698],[28.9737394,44.6864778],[28.9708104,44.6879218],[28.9695684,44.6896048],[28.9688084,44.6891848],[28.9685624,44.6901628],[28.9632034,44.6927348],[28.9626414,44.6921588],[28.9580694,44.6940338],[28.9506214,44.6953968],[28.9474784,44.6956148],[28.9478814,44.6947628],[28.9456934,44.6948398],[28.9452354,44.6955818],[28.940054,44.69582],[28.9395922,44.696584],[28.935526,44.696019],[28.928841,44.697045],[28.923706,44.696828],[28.922904,44.69631],[28.920495,44.697735],[28.919513,44.699407],[28.914958,44.701297],[28.902692,44.70327],[28.901912,44.702552],[28.901973,44.703445],[28.900732,44.703636],[28.900971,44.704075],[28.896325,44.705229],[28.889425,44.705756],[28.88903,44.702103],[28.888377,44.704808],[28.887523,44.704539],[28.886417,44.705174],[28.886983,44.705825],[28.880565,44.706717],[28.863057,44.706623],[28.856457,44.704041],[28.854496,44.704406],[28.840947,44.700953],[28.842199,44.700205],[28.842149,44.699462],[28.841176,44.698974],[28.840913,44.699728],[28.840049,44.69931],[28.839687,44.700142],[28.83806,44.700591],[28.836264,44.700106],[28.834335,44.698945],[28.823931,44.696281],[28.809346,44.690367],[28.784832,44.69047],[28.773947,44.693235],[28.772468,44.694595],[28.772846,44.695178],[28.777095,44.696125],[28.784165,44.705926],[28.786242,44.710368],[28.784344,44.709952],[28.783963,44.710669],[28.785119,44.711738],[28.785329,44.719375],[28.786048,44.719998],[28.788835,44.720843],[28.790346,44.72029],[28.791306,44.721383],[28.795146,44.722582],[28.799432,44.721773],[28.803464,44.72268],[28.804378,44.722277],[28.811787,44.725231],[28.813182,44.724215],[28.819839,44.727347],[28.829359,44.729003],[28.830404,44.730115],[28.838227,44.732979],[28.839536,44.734685],[28.845281,44.738402],[28.846632,44.738281],[28.849101,44.73924],[28.849173,44.740316],[28.850294,44.741066],[28.853041,44.740298],[28.859514,44.74194],[28.861406,44.741875],[28.863014,44.743195],[28.872496,44.746328],[28.889149,44.749216],[28.912807,44.750462],[28.92685,44.749379],[28.92783,44.749941],[28.930229,44.749857],[28.931231,44.749226],[28.93284,44.749748],[28.934575,44.749184],[28.9385086,44.7523088],[28.9385462,44.7531146],[28.9398497,44.7541279],[28.9594674,44.7463218],[28.9749974,44.741551]]]}},{"type":"Feature","properties":{"n":"Lacul Roșu","a":14.3},"geometry":{"type":"Polygon","coordinates":[[[29.564957,45.0443965],[29.5451052,45.0428997],[29.5440754,45.0423166],[29.5435177,45.0396815],[29.5431697,45.0402582],[29.5402991,45.039796],[29.5356186,45.0405938],[29.5334429,45.0376636],[29.5325037,45.037941],[29.532784,45.0384084],[29.5318834,45.0394723],[29.5298322,45.0395977],[29.5273264,45.0388049],[29.5262456,45.0403382],[29.5275836,45.0402247],[29.5277198,45.040798],[29.5246547,45.0423897],[29.5241178,45.0441986],[29.5252577,45.0450121],[29.5247668,45.0456836],[29.527517,45.0456332],[29.5270978,45.0475146],[29.5317993,45.051842],[29.5438956,45.0587746],[29.5420692,45.0602653],[29.5443615,45.0604208],[29.5446833,45.0595563],[29.5460857,45.0598645],[29.5459704,45.0608107],[29.5494937,45.0613905],[29.5494749,45.060671],[29.5479639,45.0606937],[29.5508428,45.0603449],[29.5561168,45.0641478],[29.566154,45.0674338],[29.5702898,45.0674805],[29.5779456,45.0662249],[29.5990601,45.0663926],[29.6048407,45.0658424],[29.6130212,45.0644973],[29.6173973,45.0624505],[29.6186209,45.0611372],[29.6188354,45.0564992],[29.6154641,45.0542927],[29.6133377,45.0545026],[29.613194,45.0535103],[29.6115246,45.0527994],[29.606413,45.0524088],[29.6076566,45.0508101],[29.6066624,45.0514699],[29.6050292,45.0508137],[29.6045185,45.0515746],[29.6050087,45.0518438],[29.6041663,45.0518487],[29.5945744,45.0457659],[29.5881022,45.0447243],[29.564957,45.0443965]]]}}]}